id,ts,signal_type,platform,airfield,is_standdown,source,msg_id,evidence,raid_day
333816,2022-03-06T16:57:02+00:00,carrier,tu160,Вінниця,False,kpszsu,424,"Удар по аеродрому Вінниця наносився з південного напрямку.
За уточненою інформацією – з акваторії Чорного моря, стратегічними бомбардувальниками-ракетоносцями Ту-95мс або ж Ту-160.
Було випущено вісім ракет, ймовірно Х-101, які мають велику дальність застосування, до 5500 км.
Як відомо, у Вінниці – ",2022-03-06
333817,2022-06-28T15:33:15+00:00,carrier,kalibr_ship,,False,kpszsu,1505,"РАКЕТНИЙ УДАР З ЧОРНОГО МОРЯ – ЗБИТО ЧОТИРИ «КАЛІБРИ»
-----------------------------------
Сьогодні, близько 17.30, російські окупанти завдали удару крилатими ракетами морського базування «Калібр» з акваторії Чорного моря.
Шість ракет рашистів було спрямовано по місту Дніпро.
Підрозділами зенітних ра",2022-06-28
333818,2022-07-06T07:03:19+00:00,carrier,kalibr_ship,,False,kpszsu,1550,"🇺🇦 Повітряне командування ""Південь"" інформує:

⚡️ЗНИЩЕНО ВОРОЖІ КРИЛАТІ РАКЕТИ

06 липня близько 03.20 воїни зенітного ракетного підрозділу повітряного командування ""Південь"" знищили дві російські крилаті ракети морського базування типу «Калібр», якими ворог намагався атакувати Миколаївщину.

Ракети",2022-07-05
333819,2022-08-08T08:16:23+00:00,carrier,kalibr_ship,,False,kpszsu,1755,"🇺🇦Повітряне командування “Південь” інформує:

⚡️ЗНИЩЕНО КРИЛАТУ РАКЕТУ

08 серпня, близько 10.00 години, у небі над Одещиною силами та засобами протиповітряної оборони повітряного командування ""Південь"" знищено крилату ракету морського базування типу ""Калібр"" випущену з підводного човна у Чорному мо",2022-08-07
333820,2022-08-08T10:10:25+00:00,carrier,kalibr_ship,,False,kpszsu,1756,"⚡️ПРОТИПОВІТРЯНОЮ ОБОРОНОЮ ПОВІТРЯНИХ СИЛ ЗНИЩЕНО ЧОТИРИ ""КАЛІБРИ""
-------------------------------
Сьогодні 8 серпня близько 10:00 із південного напрямку окупанти випустили чотири крилаті ракети морського базування типу «Калібр» з акваторії Чорного моря.

Протиповітряною обороною Повітряних Сил збит",2022-08-08
333821,2022-08-11T14:11:08+00:00,carrier,kalibr_ship,,False,kpszsu,1780,"11 серпня, на Харківщині, близько 13.30, зенітними ракетними підрозділами Повітряних Сил Збройних Сил України знищено дві крилаті ракети ""Калібр"", випущені з акваторії Чорного моря.

🇺🇦 Разом - до перемоги!",2022-08-11
333822,2022-08-20T07:49:24+00:00,carrier,kalibr_ship,,False,kpszsu,1823,"20 серпня близько 10 години ранку на Дніпропетровщині зенітними ракетними підрозділами Повітряних Сил Збройних Сил України знищено чотири крилаті ракети «Калібр», які окупанти випустили з акваторії Чорного моря.

Крім того, близько 9.00 ранку, зенітники Повітряних Сил збили ще один ворожий БпЛА!

🇺🇦",2022-08-19
333823,2022-08-21T06:36:21+00:00,carrier,kalibr_ship,,False,kpszsu,1825,"21 серпня, близько 03.00 години, зенітним ракетним підрозділом Повітряне командування ""Південь"" знищено дві крилаті ракети типу ""Калібр"", які окупанти випустили з акваторії Чорного моря.

🇺🇦 Слава Україні!
✌️ Разом – до перемоги!",2022-08-20
333824,2022-09-03T06:02:42+00:00,carrier,kalibr_ship,,False,kpszsu,1877,"ЗБИТО П'ЯТЬ ІЗ П'ЯТИ КАЛІБРІВ
------‐---‐--‐-
Уночі 3 вересня на Дніпропетровщині підрозділами зенітних ракетних військ  Повітряне командування ""Схід"" збито усі п'ять крилатих ракет Калібр, випущених окупантами з акваторії Чорного моря.

🇺🇦Тримаймо стрій!
✌️Разом - до перемоги!",2022-09-02
333825,2022-09-03T06:39:41+00:00,carrier,kalibr_ship,,False,kpszsu,1883,"5 БПЛА і 5 «КАЛІБРІВ»
🛩🛩🛩🛩🛩🚀🚀🚀🚀🚀
За минулу добу 2-го вересня та початок доби (до 2.00 год) 3-го вересня зенітними ракетними підрозділами Повітряних Сил знищено п’ять безпілотних літальних апаратів оперативно-тактичного рівня та п’ять крилатих ракет морського базування типу «Калібр», випущених окупан",2022-09-02
333826,2022-09-11T19:54:22+00:00,carrier,kalibr_ship,,False,kpszsu,1918,"ЗНИЩЕНО 9 із 12 КРИЛАТИХ РАКЕТ ОКУПАНТІВ
------------------------------
Увечері, 11 вересня, близько 20.30, окупанти завдали ракетних ударів по території України.

Усього – 12 пусків: шість крилатих ракет «Калібр» із кораблів з акваторії Чорного моря та шість крилатих ракет Х-101, випущених із літак",2022-09-11
333827,2023-01-26T11:23:22+00:00,carrier,kalibr_ship,,False,kpszsu,2291,"Цього разу окупанти застосували високоточні ракети повітряного та морського базування:

- Х-47 “Кинджал” – із двох літаків МіГ-31К;
-  крилаті ракети повітряного базування Х-101/Х-555 – із шести стратегічних бомбардувальників Ту-95МС з акваторії Каспійського моря;
- крилаті ракети морського базуванн",2023-01-26
333828,2023-02-10T07:04:39+00:00,carrier,kalibr_ship,,False,kpszsu,2310,"⚡️⚡️⚡️ЗНИЩЕНО 5 «КАЛІБРІВ» ТА 5 ДРОНІВ-КАМІКАДЗЕ    
---------------------------------
10 лютого 2023 року противник завдав ударів по містах та об’єктах критичної інфраструктури України.

Застосовано сім дронів-камікадзе «Shahed-136/131» із східного узбережжя Азовського моря та шість крилатих ракет ",2023-02-09
333829,2023-02-18T08:44:41+00:00,carrier,kalibr_ship,,False,kpszsu,2329,"⚡️ЗНИЩЕНО ДВА «КАЛІБРИ» ОКУПАНТІВ
-------------------------------
18 лютого російські окупаційні війська випустили по Україні чотири крилаті ракети «Калібр» із акваторії Чорного моря.

Дві ракети знищено силами та засобами протиповітряної оборони.
Загроза ракетних атак залишається!
Зберігаймо спокій",2023-02-17
333830,2023-03-09T07:16:14+00:00,carrier,kalibr_ship,,False,kpszsu,2385,"⚡️⚡️⚡️ЗНИЩЕНО 34 КРИЛАТІ РАКЕТИ ТА 4 «ШАХЕДИ»
------------------------------
Цієї ночі окупанти завдали масованого ракетного удару по об‘єктах критичної інфраструктури України.

Пуски здійснено з десяти літаків стратегічної авіації Ту-95, семи літаків дальньої авіації Ту-22М3, восьми винищувачів Су-",2023-03-08
333831,2023-03-13T12:25:30+00:00,carrier,tu160,Енгельс,False,kpszsu,2398,"🛩 Близько 13.30 13 березня через активність стратегічної і тактичної авіації ворога у більшості областей України було оголошено повітряну тривогу.

🛩 Зафіксовано зліт та посадку стратегічного бомбардувальника-ракетоносця Ту-160 з аеродрому Енгельс Саратовської області.

🛩 Спостерігався переліт чотир",2023-03-13
333832,2023-05-14T05:52:48+00:00,carrier,kalibr_ship,,False,kpszsu,2515,"⚡️ЗНИЩЕНО 25 БпЛА ТА ТРИ КРИЛАТІ РАКЕТИ
➖➖➖➖➖➖➖➖
У ніч на 14 травня 2023 року російські окупанти атакували Україну з різних напрямків ударними дронами «Shahed-136/131», ракетами «Калібр» з кораблів у Чорному морі, крилатими ракетами Х-101/Х-555/Х-55 з літаків стратегічної авіації Ту-95мс

Протягом н",2023-05-13
333833,2023-05-16T06:13:41+00:00,carrier,kalibr_ship,,False,kpszsu,2520,"⚡️ЗНИЩЕНО 6 «КИНДЖАЛІВ», 9 «КАЛІБРІВ» ТА ТРИ БАЛІСТИЧНІ РАКЕТИ
➖➖➖➖➖➖➖➖➖
Близько 3.30 16 травня 2023 року російські окупанти атакували Україну з північного, південного та східного напрямку 18 ракетами різних типів повітряного, морського та наземного базування.

З шести літаків МіГ-31К було випущено ",2023-05-15
333834,2023-05-19T05:09:42+00:00,carrier,kalibr_ship,,False,kpszsu,2524,"⚡️ЗНИЩЕНО 16 БпЛА ТА ТРИ КРИЛАТІ РАКЕТИ “КАЛІБР”
➖➖➖➖➖➖➖➖➖➖
У ніч на 19 травня 2023 року російські окупанти атакували Україну з північного та південно-східного напрямків ударними дронами «Shahed-136/131» та крилатими ракетами «Калібр» з кораблів у Чорному морі. Зафіксовано пуски 22 «шахедів» та шест",2023-05-18
333835,2023-06-16T07:51:28+00:00,carrier,kalibr_ship,,False,kpszsu,2571,"⚠️ Увага!
🚢🚀  Зафіксовано пуски крилатих ракет ""Калібр"" з Чорного моря!",2023-06-15
333836,2023-06-19T05:24:10+00:00,carrier,kalibr_ship,,False,kpszsu,2631,"⚡️ЗНИЩЕНО ЧОТИРИ «КАЛІБРИ» ТА ЧОТИРИ «ШАХЕДИ»
➖➖➖➖➖➖➖➖
Уночі 19 червня 2023 року противник завдав удару на південному та східному напрямках чотирма крилатими ракетами «Калібр» та чотирма ударними дронами іранського виробництва «Shahed-136/131».

Пуски крилатих ракет здійснювались з підводного човна ",2023-06-18
333837,2023-06-23T18:37:24+00:00,carrier,mig31k,Саваслейка,False,kpszsu,2784,"⚠️ Увага!
Зафіксовано зліт винищувача МіГ-31К ПКС рф з аеродрому Саваслейка.
Не ігноруйте сигнал повітряної тривоги!",2023-06-23
333838,2023-06-23T18:51:58+00:00,carrier,mig31k,,True,kpszsu,2786,Відбій ракетної небезпеки по МіГ-31К.,2023-06-23
333839,2023-06-23T19:44:15+00:00,carrier,mig31k,Саваслейка,False,kpszsu,2792,"⚠️ Увага!
Зафіксовано зліт винищувача МіГ-31К ПКС рф з аеродрому Саваслейка.",2023-06-23
333840,2023-06-23T20:09:24+00:00,carrier,mig31k,,True,kpszsu,2793,Відбій ракетної небезпеки по МіГ-31К.,2023-06-23
333841,2023-06-25T22:57:20+00:00,carrier,kalibr_ship,,False,kpszsu,2853,"⚠️ Увага!
🚢🚀  Загроза пусків крилатих ракет ""Калібр"" з Чорного моря!",2023-06-25
333842,2023-06-26T05:04:25+00:00,carrier,kalibr_ship,,False,kpszsu,2857,"⚡️ЗА НІЧ 26 ЧЕРВНЯ ЗНИЩЕНО 13 ПОВІТРЯНИХ ЦІЛЕЙ
➖➖➖➖➖➖➖
Уночі 26 червня 2023 року російські окупанти атакували Україну переважно з південного напрямку.

Здійснено пуски трьох крилатих ракет «Калібр» із підводного човна в Чорному морі та вісьмох ударних безпілотників іранського виробництва «Shahed-136",2023-06-25
333843,2023-07-02T06:19:39+00:00,carrier,kalibr_ship,,False,kpszsu,3006,"⚡️ЗНИЩЕНО 11 ПОВІТРЯНИХ ЦІЛЕЙ
➖➖➖➖➖➖➖➖➖➖
У ніч на 2 липня 2023 року російські окупанти атакували Україну іранськими ударними дронами типу «Shahed» та трьома крилатими ракетами «Калібр».

Пуски восьми «шахедів» здійснювались з південно-східного напрямку, «Калібрів» – з Чорного моря.

💥 Протиповітряна",2023-07-01
333844,2023-07-03T00:11:10+00:00,carrier,kalibr_ship,,False,kpszsu,3025,"⚠️ Увага!
🚢🚀  Зафіксовано пуски крилатих ракет ""Калібр"" з Чорного моря!
Одеська область – ракетна загроза!",2023-07-02
333845,2023-07-05T22:40:32+00:00,carrier,kalibr_ship,,False,kpszsu,3099,"⚠️ Увага!
🚀Декілька ракет типу ""Калібр"" з Чорного моря прямують на північ!
Не ігноруйте сигнал повітряної тривоги!",2023-07-05
333846,2023-07-06T05:34:33+00:00,carrier,kalibr_ship,,False,kpszsu,3108,"⚡️ЛЬВІВ АТАКОВАНО «КАЛІБРАМИ»: ЗНИЩЕНО СІМ КРИЛАТИХ РАКЕТ
➖➖➖➖➖➖➖➖➖➖➖
Уночі 6 липня 2023 року російські окупанти вчинили черговий терористичний акт.

Атаковано Львівщину.

Близько 1-ї ночі противник завдав удару з акваторії Чорного моря. Із надводних носіїв та підводних човнів здійснено пуски крилат",2023-07-05
333847,2023-07-11T12:04:08+00:00,carrier,mig31k,Саваслейка,False,kpszsu,3200,"⚠️ Увага!
Зафіксовано зліт МіГ-31К ПКС рф з аеродрому Саваслейка. 

Не ігноруйте сигнал повітряної тривоги!",2023-07-11
333848,2023-07-11T16:13:10+00:00,carrier,mig31k,Саваслейка,False,kpszsu,3205,"⚠️ Увага!
Зафіксовано зліт МіГ-31К ПКС рф з аеродрому Саваслейка. 

Не ігноруйте сигнал повітряної тривоги!",2023-07-11
333849,2023-07-13T05:00:27+00:00,carrier,kalibr_ship,,False,kpszsu,3248,"⚡️ЗНИЩЕНО 20 УДАРНИХ ДРОНІВ ТА ДВА «КАЛІБРИ»
➖➖➖➖➖➖➖➖
У ніч на 13 липня 2023 року російські окупанти атакували Україну 20-ма ударними безпілотниками іранського виробництва «Shahed-136/131». Напрямки атаки – північно-східний (Курськ) та південно-східний (Приморсько-Ахтарськ). 

Також противник застос",2023-07-12
333850,2023-07-14T15:36:30+00:00,carrier,mig31k,Саваслейка,False,kpszsu,3287,"🚨УВАГА
Вся Україна - ракетна небезпека.
Зафіксовано зліт МіГ-31К ПКС рф з аеродрому Саваслейка.

Не ігноруйте сигнал повітряної тривоги!",2023-07-14
333851,2023-07-18T21:56:11+00:00,carrier,kalibr_ship,,False,kpszsu,3389,"⚠️ Увага!
🚢🚀 Зафіксовано пуски крилатих ракет ""Калібр"" з Чорного моря!
Одеська, Миколаївська області - ракетна небезпека!",2023-07-18
333852,2023-07-18T22:50:40+00:00,carrier,kalibr_ship,,False,kpszsu,3394,"⚠️ Увага!
🚢🚀 Зафіксовано повторні пуски крилатих ракет ""Калібр"" з Чорного моря!",2023-07-18
333853,2023-07-19T03:47:04+00:00,carrier,kalibr_ship,,False,kpszsu,3406,"Імовірно пуски крилатих ракет ""Калібр"" з Чорного моря!",2023-07-18
333854,2023-07-20T15:52:53+00:00,carrier,mig31k,Саваслейка,False,kpszsu,3457,"🚨 Увага!
🛬 Зафіксовано зліт винищувача МіГ-31К ПКС рф з аеродрому Саваслейка Нижньогородської області.",2023-07-20
333855,2023-07-20T20:11:30+00:00,carrier,mig31k,Саваслейка,False,kpszsu,3462,"🚨 Увага!
🛬 Зафіксовано зліт винищувача МіГ-31К ПКС рф з аеродрому Саваслейка Нижньогородської області.",2023-07-20
333856,2023-07-26T10:41:40+00:00,carrier,tu95,Оленья,False,kpszsu,3641,"🛬 Група ворожих Ту-95мс (12 літаків) вилетіла з аеродрому ""Оленья"", Мурманської області рф. Орієнтовний час виходу на пускові рубежі – 17.00.
Слідкуйте за повідомленнями.
У разі оголошення тривоги –  прямуйте в укриття!",2023-07-26
333857,2023-07-26T13:55:57+00:00,carrier,kalibr_ship,,False,kpszsu,3646,"⚡️ ЗНИЩЕНО ДВІ КРИЛАТІ РАКЕТИ ""КАЛІБР""
➖➖➖➖➖➖➖
Близько 13 години 26 липня 2023 року противник завдав удару крилатими ракетами «Калібр» з акваторії Чорного моря.

Імовірно пуски ракет здійснювались з російського підводного човна.
В повітряний простір ракети увійшли з південно-східного напрямку, зміню",2023-07-26
333858,2023-07-27T05:27:23+00:00,carrier,kalibr_ship,,False,kpszsu,3679,"⚡️ ЗНИЩЕНО ВІСІМ УДАРНИХ БпЛА
➖➖➖➖➖➖➖➖
Уночі 27 липня 2023 року русня атакувала з південно-східного напрямку ударними БпЛА та крилатими ракетами. Усього зафіксовано два пуски КР «Калібр» з підводного човна в Акваторії Чорного моря та восьми іранських дронів-камікадзе «Shahed-136/131» з напрямку Прим",2023-07-26
333859,2023-07-28T17:48:53+00:00,carrier,mig31k,Саваслейка,False,kpszsu,3711,"⚠️Увага!
Ракетна небезпека по всій території України! Зафіксовано зліт МіГ-31 з аеродрому Саваслейка!",2023-07-28
333860,2023-08-01T08:37:09+00:00,carrier,mig31k,,False,kpszsu,3800,Зафіксовано зліт МіГ-31К,2023-07-31
333861,2023-08-02T04:30:50+00:00,carrier,mig31k,,False,kpszsu,3844,Зафіксовано зліт МІГ- 31К,2023-08-01
333862,2023-08-02T04:31:20+00:00,carrier,mig31k,Саваслейка,False,kpszsu,3845,"🚨УВАГА
🚀Вся Україна - ракетна небезпека.
Зафіксовано зліт МіГ-31К ПКС рф з аеродрому Саваслейка.",2023-08-01
333863,2023-08-02T05:17:31+00:00,carrier,mig31k,Саваслейка,False,kpszsu,3847,"🚨УВАГА
🚀Вся Україна - ракетна небезпека.
Зафіксовано зліт МіГ-31К з аеродрому Саваслейка.",2023-08-01
333864,2023-08-04T10:38:47+00:00,carrier,mig31k,Саваслейка,False,kpszsu,3916,"⚠️ Увага!
Зафіксовано зліт винищувача МіГ-31К ПКС рф з аеродрому Саваслейка. Не ігноруйте сигнал повітряної тривоги!",2023-08-04
333865,2023-08-05T06:29:12+00:00,carrier,mig31k,Саваслейка,False,kpszsu,3929,"⚠️УВАГА
Вся Україна - ракетна небезпека
 Взліт МіГ-31Крф з аеродрому Саваслейка. Не ігноруйте сигнал повітряної тривоги!",2023-08-04
333866,2023-08-05T08:35:36+00:00,carrier,mig31k,Саваслейка,False,kpszsu,3934,"⚠️УВАГА
Вся Україна - ракетна небезпека
Зліт МіГ-31К з аеродрому Саваслейка. Не ігноруйте сигнал повітряної тривоги!",2023-08-04
333867,2023-08-08T14:54:05+00:00,carrier,mig31k,Саваслейка,False,kpszsu,4083,"⚠️УВАГА
Вся Україна - ракетна небезпека!
Зліт МіГ-31К з аеродрому Саваслейка.
Не ігноруйте сигнал повітряної тривоги!",2023-08-08
333868,2023-08-09T13:02:48+00:00,carrier,mig31k,Саваслейка,False,kpszsu,4109,"⚠️ Увага!
Вся Україна - ракетна небезпека!
Зліт МіГ-31К з аеродрому Саваслейка.
Не ігноруйте сигнал повітряної тривоги!",2023-08-09
333869,2023-08-09T17:45:17+00:00,carrier,mig31k,Саваслейка,False,kpszsu,4118,"⚠️ Увага!
Вся Україна - ракетна небезпека! Зліт МіГ-31К з аеродрому Саваслейка. 
Не ігноруйте сигнал повітряної тривоги!",2023-08-09
333870,2023-08-09T20:24:30+00:00,carrier,mig31k,Саваслейка,False,kpszsu,4125,"⚠️УВАГА
Вся Україна - ракетна небезпека!
Зліт МіГ-31К з аеродрому Саваслейка.
Не ігноруйте сигнал повітряної тривоги!",2023-08-09
333871,2023-08-10T00:58:03+00:00,carrier,mig31k,Саваслейка,False,kpszsu,4142,"⚠️ Увага!
Вся Україна - ракетна небезпека!
Зліт МіГ-31К з аеродрому Саваслейка.
Не ігноруйте сигнал повітряної тривоги!",2023-08-09
333872,2023-08-11T06:49:43+00:00,carrier,mig31k,Саваслейка,False,kpszsu,4163,"⚠️ Увага!
Вся Україна - ракетна небезпека!
Зліт МіГ-31К з аеродрому Саваслейка.
Не ігноруйте сигнал повітряної тривоги!",2023-08-10
333873,2023-08-14T04:38:55+00:00,carrier,kalibr_ship,,False,kpszsu,4229,"⚡️ ЗНИЩЕНО 15 «ШАХЕДІВ» 8 «КАЛІБРІВ» ТА ВОРОЖИЙ ВЕРТОЛІТ

У ніч на 14 серпня 2023 року ворог здійснив кілька хвиль атак ударними безпілотниками та крилатими ракетами «Калібр».

БпЛА атакували з південно-східного напрямку (Приморсько-Ахтарськ), «Калібри» – з акваторії Чорного моря (ворожий фрегат в р",2023-08-13
333874,2023-08-22T09:51:34+00:00,carrier,mig31k,Саваслейка,False,kpszsu,4481,"⚠️УВАГА
Вся Україна - ракетна небезпека!
🛬 Зафіксовано зліт МіГ-31К ПКС рф з аеродрому Саваслейка Нижньогородської області.",2023-08-22
333875,2023-08-24T12:26:29+00:00,carrier,mig31k,Саваслейка,False,kpszsu,4565,"⚠️УВАГА
Вся Україна - ракетна небезпека!
🛬 Зафіксовано зліт МіГ-31К з аеродрому Саваслейка Нижньогородської області.
Не ігноруйте сигнал повітряної тривоги!",2023-08-24
333876,2023-08-28T00:59:24+00:00,carrier,kalibr_ship,,False,kpszsu,4700,"🚀 Кіровоградська область – ракетна небезпека!
🚢🚀 Зафіксовано імовірні пуски крилатих ракет ""Калібр"" з Чорного моря!
Залишайтесь в укритті!",2023-08-27
333877,2023-08-29T23:53:32+00:00,carrier,kalibr_ship,,False,kpszsu,4777,"Калібри з Чорного моря рухаються у напрямку півдня Одещини!
Терміново в укриття!",2023-08-29
333878,2023-09-01T01:21:59+00:00,carrier,kalibr_ship,,False,kpszsu,4843,"⚠️ Увага!
🚀 Херсонська, Миколаївська, Черкаська, Кіровоградська, Дніпропетровська області – ракетна небезпека!
Не ігноруйте сигнал повітряної тривоги.
🚢🚀 Імовірні пуски крилатих ракет ""Калібр"" з Чорного моря!",2023-08-31
333879,2023-09-04T10:33:21+00:00,carrier,mig31k,Саваслейка,False,kpszsu,4924,"⚠️УВАГА
Вся Україна - ракетна небезпека!
Зліт МіГ-31К з аеродрому Саваслейка.",2023-09-04
333880,2023-09-07T17:04:04+00:00,carrier,mig31k,Саваслейка,False,kpszsu,5013,"⚠️УВАГА
Вся Україна - ракетна небезпека.
Зліт МіГ-31К з аеродрому Саваслейка.",2023-09-07
333881,2023-09-16T21:54:07+00:00,carrier,tu95,Оленья,False,kpszsu,5261,"⚠️ Увага!
Зафіксовано зліт біля 7 бортів Ту-95мс з аеродрому ""Оленья"".
Якщо виліт бойовий – орієнтовний час підльоту ракет (залежно від пускових рубежів) –  близько 4-ї – 5-ї години.
Слідкуйте за нашими повідомленнями, у разі оголошення сигналів повітряної тривоги – прямуйте в укриття.",2023-09-16
333882,2023-09-17T21:28:10+00:00,carrier,tu95,,False,kpszsu,5319,Підтверджено зліт до семи Ту-95мс з Оленегорська. Можливі пуски крилатих ракет! Стежте за нашими повідомленнями і не ігноруйте сигнали повтіряної тривоги!,2023-09-17
333883,2023-09-24T20:58:34+00:00,carrier,kalibr_ship,,False,kpszsu,5626,"⚠️ Увага!
🚢🚀 Імовірні пуски крилатих ракет ""Калібр"" з Чорного моря!
Не ігноруйте сигнал повітряної тривоги!",2023-09-24
333884,2023-09-25T05:02:46+00:00,carrier,kalibr_ship,,False,kpszsu,5643,"ЗНИЩЕНО 11 «КАЛІБРІВ» ТА 19 «ШАХЕДІВ»
➖➖➖➖➖➖➖➖
У ніч на 25 вересня 2023 року російські окупанти завдали удару по Україні крилатими ракетами «Калібр», протикорабельними ракетами П-800 «Онікс» та ударними БпЛА типу «Shahed».

Пуски «шахедів» здійснювались з південно-східного напрямку (Приморсько-Ахтар",2023-09-24
333885,2023-09-26T11:26:06+00:00,carrier,mig31k,Саваслейка,False,kpszsu,5705,"⚠️ Увага!
Вся Україна - ракетна небезпека!
Зліт МіГ-31К з аеродрому Саваслейка.
Не ігноруйте сигнал повітряної тривоги!",2023-09-26
333886,2023-09-26T16:35:10+00:00,carrier,mig31k,Саваслейка,False,kpszsu,5713,"⚠️ Увага!
Вся Україна - ракетна небезпека!
Зліт МіГ-31К з аеродрому Саваслейка.
Не ігноруйте сигнал повітряної тривоги!",2023-09-26
333887,2023-09-29T15:41:12+00:00,carrier,mig31k,,False,kpszsu,5796,"⚠️ Увага!
Вся Україна - ракетна небезпека! Зліт МіГ-31К.
Не ігноруйте сигнал повітряної тривоги!",2023-09-29
333888,2023-11-04T19:47:53+00:00,carrier,kalibr_ship,,False,kpszsu,7171,"⚡️Сподіваюсь, ще один плавзасіб пішов услід за «москвою»!
А поки чекаємо офіційного підтвердження результатів, вкотре 🤝 подякую пілотам тактичної авіації Повітряних Сил за успішні удари крилатими ракетами по інфраструктурі судобудівного заводу «Залив» у Керчі, де стояв один із найсучасніших кораблів",2023-11-04
333889,2023-11-06T13:07:01+00:00,carrier,mig31k,Моздок,False,kpszsu,7206,"⚠️УВАГА
Вся Україна - ракетна небезпека!
🛬 Зафіксовано зліт МіГ-31К з аеродрому Моздок (Північний Кавказ).",2023-11-06
333890,2023-11-10T08:29:49+00:00,carrier,mig31k,Саваслейка,False,kpszsu,7327,"⚠️ Увага!
Вся Україна - ракетна небезпека! Зліт МіГ-31К з аеродрому Саваслейка (Нижньогородська область).
Не ігноруйте сигнал повітряної тривоги!",2023-11-09
333891,2023-11-15T10:06:52+00:00,carrier,mig31k,Саваслейка,False,kpszsu,7509,"⚠️ Увага!
Вся Україна - ракетна небезпека! Зліт МіГ-31К з аеродрому Саваслейка (Нижньогородська область).
Не ігноруйте сигнал повітряної тривоги!",2023-11-15
333892,2023-11-28T11:44:02+00:00,carrier,mig31k,,False,kpszsu,7985,"⚠️ Увага!
Вся Україна - ракетна небезпека! Зліт МіГ-31К.

Не ігноруйте сигнал повітряної тривоги!",2023-11-28
333893,2023-12-01T09:03:00+00:00,carrier,mig31k,,False,kpszsu,8110,"⚠️ Увага!
Ракетна небезпека по всій території України! Зліт МіГ-31К.
Не ігноруйте сигнал повітряної тривоги!",2023-11-30
333894,2023-12-02T10:08:41+00:00,carrier,mig31k,Моздок,False,kpszsu,8127,"⚠️ Увага!
Ракетна небезпека по всій території України! Зліт МіГ-31К з аеродрому Моздок (Північний Кавказ).
Не ігноруйте сигнал повітряної тривоги!",2023-12-02
333895,2023-12-07T10:42:01+00:00,carrier,mig31k,,False,kpszsu,8335,"⚠️ Увага! 
Ракетна небезпека по всій території України! Зліт МіГ-31К. 
Не ігноруйте сигнал повітряної тривоги!",2023-12-07
333896,2023-12-10T08:17:53+00:00,carrier,mig31k,Саваслейка,False,kpszsu,8384,"⚠️ Увага!
Ракетна небезпека по всій території України! Зліт МіГ-31К з аеродрому Саваслейка (Нижньогородська область).
Не ігноруйте сигнал повітряної тривоги!",2023-12-09
333897,2023-12-20T18:25:25+00:00,carrier,mig31k,,False,kpszsu,8703,"⚠️ Увага!
Зафіксовано зліт МіГ-31К",2023-12-20
333898,2023-12-22T11:50:43+00:00,carrier,mig31k,,False,kpszsu,8770,"⚠️УВАГА
Вся Україна - ракетна небезпека!
🛬 Зафіксовано зліт МіГ-31К",2023-12-22
333899,2023-12-25T08:33:29+00:00,carrier,mig31k,Саваслейка,False,kpszsu,8871,"⚠️ Увага!
Ракетна небезпека по всій території України! Зліт МіГ-31К з аеродрому Саваслейка (Нижньогородська область).
Не ігноруйте сигнал повітряної тривоги!",2023-12-24
333900,2023-12-26T10:54:39+00:00,carrier,mig31k,,True,kpszsu,8912,"📢 Відбій загрози по МіГ-31К.

✈️ Активність ворожої тактичної авіації на сході та півдні залишається!
Є загроза застосування авіаційних засобів ураження!",2023-12-26
333901,2023-12-27T09:55:43+00:00,carrier,mig31k,Саваслейка,False,kpszsu,8939,"⚠️ Увага!
Ракетна небезпека по всій території України! Зліт МіГ-31К з аеродрому Саваслейка (Нижньогородська область).
Не ігноруйте сигнал повітряної тривоги!",2023-12-26
333902,2023-12-27T10:11:32+00:00,carrier,mig31k,,True,kpszsu,8940,"📢 Відбій загрози по МіГ-31К.

✈️ Активність ворожої тактичної авіації на сході та півдні залишається!
Є загроза застосування авіаційних засобів ураження!",2023-12-27
333903,2023-12-28T07:23:25+00:00,carrier,mig31k,,False,kpszsu,8961,"⚠️ Увага!
Ракетна небезпека по всій території України! Зліт МіГ-31К.
Не ігноруйте сигнал повітряної тривоги!",2023-12-27
333904,2023-12-30T08:30:54+00:00,carrier,mig31k,Моздок,False,kpszsu,9118,"⚠️УВАГА
Вся Україна - ракетна небезпека!
🛬 Зафіксовано зліт МіГ-31К з аеродрому Моздок (Північний Кавказ) 
Не ігноруйте сигнал повітряної тривоги!",2023-12-29
333905,2023-12-30T09:57:17+00:00,carrier,mig31k,,True,kpszsu,9120,📢 Відбій загрози МіГ-31К.,2023-12-29
333906,2023-12-31T12:15:07+00:00,carrier,mig31k,,True,kpszsu,9181,"📢 Відбій загрози по МіГ-31К ПКС рф.

✈️ Активність ворожої тактичної авіації на півдні та сході залишається!
🚀 Є загроза застосування авіаційних засобів ураження для прифронтових областей!",2023-12-31
333907,2023-12-31T18:06:19+00:00,carrier,mig31k,Моздок,False,kpszsu,9206,"⚠️ Увага!
🚀Вся Україна - ракетна небезпека.
Зафіксовано зліт МіГ-31К ПКС рф з аеродрому  Моздок.
Не ігноруйте сигнал повітряної тривоги!",2023-12-31
333908,2023-12-31T19:33:55+00:00,carrier,mig31k,,True,kpszsu,9212,"📢 Відбій  загрози по МіГ-31К.

У областях, де оголошена повітряна тривога, залишається загроза застосування ударних БпЛА!",2023-12-31
333909,2024-01-01T09:21:41+00:00,carrier,mig31k,Моздок,False,kpszsu,9247,"⚠️УВАГА
Вся Україна - ракетна небезпека!
🛬 Зафіксовано зліт МіГ-31К з аеродрому Моздок (Північний Кавказ).
Також загроза застосування балістичного озброєння для східних областей!
Не ігноруйте сигнал повітряної тривоги!",2023-12-31
333910,2024-01-01T11:55:10+00:00,carrier,mig31k,,True,kpszsu,9248,"📢 Відбій  загрози по МіГ-31К.

✈️ Повітряна тривога в Донецькій області пов’язана з активністю ворожої тактичної авіації.",2024-01-01
333911,2024-01-01T13:33:27+00:00,carrier,mig31k,,True,kpszsu,9254,"📢 Відбій  загрози по МіГ-31К.

Рух ударних БпЛА:
1. БпЛА в західній частині Полтавської області, курс західний (Переяслав-Хмельницький район Київської області)
2. БпЛА в північній частині Черкаської області, курс західний (Переяслав-Хмельницький район Київської області)",2024-01-01
333912,2024-01-02T02:28:33+00:00,carrier,tu95,,False,kpszsu,9286,"📢 Відбій загрози ударних БпЛА типу ""Shahed"" по областях.

‼️Нагадуємо, у повітрі стратегічні бомбардувальники Ту-95МС.
У разі ракетної загрози та пусків крилатих ракет повідомимо додатково.
👀Слідкуйте за нашими повідомленнями та не ігноруйте сигнали повітряної тривоги!",2024-01-01
333913,2024-01-02T03:59:13+00:00,carrier,tu95,,False,kpszsu,9287,"⚠️ Увага!  
❗️ Ракетна небезпека в областях, де оголошена тривога!
⚠️ Загроза пусків крилатих ракет з літаків Ту-95МС. 
Всього у повітрі знаходиться 16 стратегічних бомбардувальників Ту-95МС.
Не ігноруйте сигнали повітряної тривоги! 
Прямуйте в укриття!",2024-01-01
333914,2024-01-06T07:26:31+00:00,carrier,mig31k,,False,kpszsu,9495,"⚠️УВАГА
Вся Україна - ракетна небезпека!
🛬 Зафіксовано зліт МіГ-31К.",2024-01-05
333915,2024-01-06T09:32:41+00:00,carrier,mig31k,,True,kpszsu,9496,📢 Відбій  загрози по МіГ-31К.,2024-01-05
333916,2024-01-07T07:55:10+00:00,carrier,mig31k,Моздок,False,kpszsu,9544,"⚠️УВАГА
Вся Україна - ракетна небезпека!
🛬 Зафіксовано зліт МіГ-31К із аеродрому Моздок (Північна Осетія)",2024-01-06
333917,2024-01-08T04:10:43+00:00,carrier,tu95,,False,kpszsu,9568,"⚠️ Увага!
🚀 Ракетна небезпека в областях, де оголошена тривога!
⚠️ Загроза пусків крилатих ракет з літаків Ту-95МС. 
Всього у повітрі знаходиться 11 стратегічних бомбардувальників Ту-95МС.
Не ігноруйте сигнали повітряної тривоги! 
Прямуйте в укриття!",2024-01-07
333918,2024-01-08T04:28:39+00:00,carrier,mig31k,Саваслейка,False,kpszsu,9572,Зафіксовано зліт МіГ-31К з аеродрому Саваслейка Нижньогородської області.,2024-01-07
333919,2024-01-10T05:59:24+00:00,carrier,mig31k,Саваслейка,False,kpszsu,9650,"⚠️ Увага!
Ракетна небезпека по всій території України! Зліт МіГ-31К з аеродрому Саваслейка (Нижньогородська область).
Не ігноруйте сигнал повітряної тривоги!",2024-01-09
333920,2024-01-11T11:31:52+00:00,carrier,mig31k,Моздок,False,kpszsu,9662,"⚠️УВАГА
Вся Україна - ракетна небезпека!
🛬 Зафіксовано зліт МіГ-31К із аеродрому Моздок (Північна Осетія)",2024-01-11
333921,2024-01-11T12:47:19+00:00,carrier,mig31k,,True,kpszsu,9663,📢 Відбій  загрози по МіГ-31К.,2024-01-11
333922,2024-01-13T03:54:49+00:00,carrier,tu95,,False,kpszsu,9706,🚀 Здійснено пуски ракет типу Х-101/555/55 з 6Ту-95МС. Розрахунковий час входження ракет у повітряний простір України 06.00 - 07.00.,2024-01-12
333923,2024-01-13T04:43:17+00:00,carrier,mig31k,Саваслейка,False,kpszsu,9714,"⚠️ Увага
🛬 Зафіксовано зліт винищувача МіГ-31К ПКС рф з аеродрому Саваслейка Нижньогородської області.",2024-01-12
333924,2024-01-13T05:18:08+00:00,carrier,mig31k,Саваслейка,False,kpszsu,9729,Зафіксовано  ще зліт 2МіГ-31К з аеродрому Саваслейка Нижньогородської області.,2024-01-12
333925,2024-01-16T08:39:19+00:00,carrier,mig31k,Моздок,False,kpszsu,9809,"⚠ Увага
🛫 Зафіксовано зліт винищувача МіГ-31К ПКС рф з аеродрому ""Моздок"" (Північна Осетія)",2024-01-15
333926,2024-01-20T10:19:20+00:00,carrier,mig31k,Моздок,False,kpszsu,9937,"⚠️УВАГА
🚨Вся Україна - ракетна небезпека!
🛫 Зафіксовано зліт МіГ-31К з аеродрому Моздок",2024-01-20
333927,2024-01-20T10:46:09+00:00,carrier,mig31k,,True,kpszsu,9938,📢 Відбій  загрози по МіГ-31К.,2024-01-20
333928,2024-01-22T10:08:10+00:00,carrier,mig31k,Саваслейка,False,kpszsu,9976,"⚠УВАГА
🚨 Вся Україна - ракетна небезпека!
🛫 Зафіксовано зліт МіГ-31К з аеродрому Саваслейка Нижньогородської області.
Не ігноруйте сигнал повітряної тривоги!",2024-01-22
333929,2024-01-22T12:58:01+00:00,carrier,mig31k,Саваслейка,False,kpszsu,9981,"⚠УВАГА
🚨 Вся Україна - ракетна небезпека!
🛫 Зафіксовано зліт МіГ-31К з аеродрому Саваслейка Нижньогородської області.
Не ігноруйте сигнал повітряної тривоги!",2024-01-22
333930,2024-01-22T13:36:12+00:00,carrier,mig31k,,True,kpszsu,9983,"📢 Відбій загрози по МіГ-31К!
🛫 Повітряна тривога в Дніпропетровській, Запорізькій, Херсонській, Миколаївській та Кіровоградській областях пов’язана з активністю ворожої тактичної авіації.",2024-01-22
333931,2024-01-23T12:49:07+00:00,carrier,mig31k,Саваслейка,False,kpszsu,10032,"⚠УВАГА
🚨 Вся Україна - ракетна небезпека!
🛫 Зліт МіГ-31К з аеродрому Саваслейка Нижньогородської області.
Не ігноруйте сигнал повітряної тривоги!",2024-01-23
333932,2024-01-23T15:43:36+00:00,carrier,mig31k,,True,kpszsu,10038,📢 Відбій  загрози по МіГ-31К.,2024-01-23
333933,2024-01-26T11:28:19+00:00,carrier,mig31k,Саваслейка,False,kpszsu,10098,"⚠️УВАГА
Вся Україна - ракетна небезпека!
🛫 Зафіксовано зліт МіГ-31К з аеродрому Саваслейка Нижньогородської області.",2024-01-26
333934,2024-01-26T12:26:19+00:00,carrier,mig31k,,True,kpszsu,10099,📢 Відбій загрози по МіГ-31К!,2024-01-26
333935,2024-01-30T10:45:36+00:00,carrier,mig31k,,True,kpszsu,10193,"📢Відбій загрози по МіГ-31К!

🚀Зберігається ракетна небезпека для Кіровоградської, Харківської, Донецької, Дніпропетровської, Запорізької областей!",2024-01-30
333936,2024-01-31T10:08:49+00:00,carrier,mig31k,Моздок,False,kpszsu,10245,"⚠ УВАГА
Вся Україна - ракетна небезпека!
🛬 Зафіксовано зліт МіГ-31К з аеродрому Моздок.
Не ігноруйте сигнал повітряної тривоги!",2024-01-31
333937,2024-01-31T10:39:32+00:00,carrier,mig31k,,True,kpszsu,10247,📢 Відбій  загрози по МіГ-31К,2024-01-31
333938,2024-01-31T13:14:28+00:00,carrier,mig31k,Саваслейка,False,kpszsu,10252,"⚠УВАГА
Вся Україна - ракетна небезпека!
🛬 Зафіксовано зліт МіГ-31К з аеродрому Саваслейка Нижньогородської області.
Не ігноруйте сигнал повітряної тривоги!",2024-01-31
333939,2024-01-31T14:41:04+00:00,carrier,mig31k,,True,kpszsu,10254,📢 Відбій  загрози по МіГ-31К.,2024-01-31
333940,2024-02-03T10:19:15+00:00,carrier,mig31k,,True,kpszsu,10345,"📢 Відбій загрози по МіГ-31К.
Зберігається  активність ворожої тактичної авіації на східному та північно-східному напрямках! 
🚀Є загроза застосування авіаційних засобів ураження!",2024-02-03
333941,2024-02-07T00:58:06+00:00,carrier,tu95,Оленья,False,kpszsu,10400,"⚠ Увага!
✈ Зліт кількох бортів Ту-95 з аеродрому Оленья (Мурманська область, рф).
Орієнтовний час виходу на пускові рубежі – біля 5-ї ранку.
👀 Слідкуйте за нашими повідомленнями.
У разі оголошення повітряної тривоги – прямуйте в укриття.",2024-02-06
333942,2024-02-09T10:59:55+00:00,carrier,mig31k,,True,kpszsu,10529,📢 Відбій загрози по МіГ-31К!,2024-02-09
333943,2024-02-14T11:19:50+00:00,carrier,mig31k,Саваслейка,False,kpszsu,10684,"⚠УВАГА
Вся Україна - ракетна небезпека!
🛬Зафіксовано зліт МіГ-31К з аеродрому Саваслейка Нижньогородської області.",2024-02-14
333944,2024-02-14T11:53:45+00:00,carrier,mig31k,,True,kpszsu,10685,📢 Відбій  загрози по МіГ-31К.,2024-02-14
333945,2024-02-14T23:49:24+00:00,carrier,tu95,Оленья,False,kpszsu,10706,"⚠ Увага!
✈ Зафіксовано зліт кількох Ту-95мс з аеродрому Оленья (Мурманська обл., рф).

🕓 Орієнтовний час виходу на пускові рубежі – 4.00.

👀 Слідкуйте за нашими повідомленнями та не ігноруйте сигнали повітряної тривоги.",2024-02-14
333946,2024-02-15T08:53:31+00:00,carrier,mig31k,Саваслейка,False,kpszsu,10749,"⚠УВАГА
🚨Вся Україна - ракетна небезпека!
🛬Зафіксовано зліт МіГ-31К з аеродрому Саваслейка Нижньогородської області.
Не ігноруйте сигнал повітряної тривоги!",2024-02-14
333947,2024-02-15T10:02:52+00:00,carrier,mig31k,,True,kpszsu,10752,📢 Відбій  загрози по МіГ-31К.,2024-02-15
333948,2024-02-19T10:06:10+00:00,carrier,mig31k,Саваслейка,False,kpszsu,10855,"⚠УВАГА
Вся Україна - ракетна небезпека!
🛬 Зафіксовано зліт МіГ-31К з аеродрому Саваслейка Нижньогородської області.",2024-02-19
333949,2024-02-19T11:27:17+00:00,carrier,mig31k,,True,kpszsu,10856,📢 Відбій загрози по МіГ-31К.,2024-02-19
333950,2024-02-21T11:21:25+00:00,carrier,mig31k,,True,kpszsu,10924,📢 Відбій загрози по МіГ-31К.,2024-02-21
333951,2024-02-24T17:55:08+00:00,carrier,kalibr_ship,,False,kpszsu,11040,"Два роки великої війни. 
730 днів повітряних атак. 
Зафіксувати статистику нашої «воєнної рутини» непросто, адже оновлюється вона практично щогодини. Оновлюється російськими А-50-ми та «сушками», іранськими «шахедами» та «непереможними ракетами», ворожими пунктами управління, крейсерами, підводними ",2024-02-24
333952,2024-02-26T10:41:08+00:00,carrier,mig31k,,False,kpszsu,11132,"⚠УВАГА
Вся Україна - ракетна небезпека!
🛬 Зафіксовано зліт МіГ-31К.",2024-02-26
333953,2024-02-26T11:25:53+00:00,carrier,mig31k,,True,kpszsu,11133,📢 Відбій  загрози по МіГ-31К.,2024-02-26
333954,2024-03-06T06:44:03+00:00,carrier,mig31k,,False,kpszsu,11486,"⚠УВАГА
Вся Україна - ракетна небезпека!
🛬 Зафіксовано зліт МіГ-31К",2024-03-05
333955,2024-03-06T07:07:02+00:00,carrier,mig31k,,True,kpszsu,11488,📢Відбій  загрози по МіГ-31К.,2024-03-05
333956,2024-03-07T15:56:01+00:00,carrier,mig31k,Саваслейка,False,kpszsu,11559,"⚠Увага!
Вся Україна - ракетна небезпека!
🛬 Зафіксовано зліт МіГ-31К з аеродрому Саваслейка Нижньогородської області.",2024-03-07
333957,2024-03-11T16:56:34+00:00,carrier,mig31k,Саваслейка,False,kpszsu,11732,"⚠️УВАГА
Вся Україна - ракетна небезпека!
🛫 Зафіксовано зліт МіГ-31К з аеродрому Саваслейка Нижньогородської області.
Не ігноруйте сигнал повітряної тривоги!",2024-03-11
333958,2024-03-11T17:12:37+00:00,carrier,mig31k,,True,kpszsu,11733,📢 Відбій загрози по МіГ-31К.,2024-03-11
333959,2024-03-14T10:41:09+00:00,carrier,mig31k,Моздок,False,kpszsu,11837,"⚠Увага!
🛫Вся Україна – ракетна небезпека!
Зафіксовано зліт МіГ-31К з аеродрому Моздок!",2024-03-14
333960,2024-03-15T11:42:45+00:00,carrier,mig31k,Саваслейка,False,kpszsu,11881,"⚠УВАГА
🚨Вся Україна - ракетна небезпека!
🛫Зафіксовано зліт МіГ-31К з аеродрому Саваслейка Нижньогородської області.
Не ігноруйте сигнал повітряної тривоги!",2024-03-15
333961,2024-03-15T12:15:59+00:00,carrier,mig31k,,True,kpszsu,11882,📢 Відбій  загрози по МіГ-31К.,2024-03-15
333962,2024-03-18T14:01:00+00:00,carrier,mig31k,Саваслейка,False,kpszsu,12007,"⚠УВАГА
🚨Вся Україна - ракетна небезпека!
🛫Зафіксовано зліт МіГ-31К з аеродрому Саваслейка Нижньогородської області.
Не ігноруйте сигнал повітряної тривоги!",2024-03-18
333963,2024-03-18T14:13:32+00:00,carrier,mig31k,,True,kpszsu,12008,📢 Відбій  загрози по МіГ-31К.,2024-03-18
333964,2024-03-19T14:09:47+00:00,carrier,mig31k,Саваслейка,False,kpszsu,12031,"⚠УВАГА
🚨Вся Україна - ракетна небезпека!
🛫Зафіксовано зліт МіГ-31К з аеродрому Саваслейка Нижньогородської області.
Не ігноруйте сигнал повітряної тривоги!",2024-03-19
333965,2024-03-22T02:46:30+00:00,carrier,mig31k,Саваслейка,False,kpszsu,12129,🛬 Зафіксовано зліт МіГ-31К з аеродрому Саваслейка Нижньогородської області.,2024-03-21
333966,2024-03-28T10:10:09+00:00,carrier,mig31k,Саваслейка,False,kpszsu,12432,"⚠Увага!
Ракетна небезпека по всій території України! Зліт МіГ-31К з аеродрому Саваслейка (Нижньогородська область).
Не ігноруйте сигнал повітряної тривоги!",2024-03-28
333967,2024-03-28T16:04:22+00:00,carrier,mig31k,,False,kpszsu,12445,"⚠Увага!
Ракетна небезпека по всій території України! Зліт МіГ-31К.
Не ігноруйте сигнал повітряної тривоги!",2024-03-28
333968,2024-04-04T16:36:30+00:00,carrier,mig31k,,False,kpszsu,12799,"⚠Увага!
Ракетна небезпека по всій території України! Зліт МіГ-31К.
Не ігноруйте сигнал повітряної тривоги!",2024-04-04
333969,2024-04-05T13:34:53+00:00,carrier,mig31k,,False,kpszsu,12837,"⚠Увага!
Ракетна небезпека по всій території України! Зліт МіГ-31К.
Не ігноруйте сигнал повітряної тривоги!",2024-04-05
333970,2024-04-05T15:04:46+00:00,carrier,mig31k,,True,kpszsu,12838,"📢 Відбій загрози по МіГ-31.

🛫 Зберігається активність ворожої тактичної авіації на південно-східному напрямку.
🚀Загроза застосування авіаційних засобів ураження!",2024-04-05
333971,2024-04-06T02:35:22+00:00,carrier,kalibr_ship,,False,kpszsu,12877,"🚀🚀🚀 типу Калібр з Чорного моря, курсом на Миколаїв.",2024-04-05
333972,2024-04-08T10:26:06+00:00,carrier,mig31k,Саваслейка,False,kpszsu,12968,"⚠ Увага!
🛬Вся Україна - ракетна небезпека!
Зліт МіГ-31К з аеродрому Саваслейка Нижньогородської області!",2024-04-08
333973,2024-04-11T01:02:39+00:00,carrier,tu95,,False,kpszsu,13096,✈ За уточненими даними у повітрі близько дев'яти стратегічних бомбардувальників Ту-95МС,2024-04-10
333974,2024-04-11T02:43:10+00:00,carrier,mig31k,Саваслейка,False,kpszsu,13115,🛫 Зліт 3 МіГ-31К з аеродрому Саваслейка Нижньогородської області!,2024-04-10
333975,2024-04-12T16:36:55+00:00,carrier,mig31k,Саваслейка,False,kpszsu,13195,"⚠Увага!
Ракетна небезпека по всій території України! Зліт МіГ-31К з аеродрому Саваслейка (Нижньогородська область).",2024-04-12
333976,2024-04-20T10:20:08+00:00,carrier,mig31k,Саваслейка,False,kpszsu,13448,"⚠ Увага!
Ракетна небезпека по всій території України! Зліт МіГ-31К з аеродрому Саваслейка (Нижньогородська область).
Не ігноруйте сигнал повітряної тривоги!",2024-04-20
333977,2024-04-25T07:30:47+00:00,carrier,mig31k,Ахтубінск,False,kpszsu,13563,"⚠ Увага!
🛫Ракетна небезпека по всій території України! Зафіксовано зліт МіГ-31К з аеродрому Ахтубінск!",2024-04-24
333978,2024-04-25T10:53:13+00:00,carrier,mig31k,,False,kpszsu,13572,"⚠ Увага!
🛫Ракетна небезпека по всій території України! Зафіксовано зліт МіГ-31К!",2024-04-25
333979,2024-04-25T13:44:33+00:00,carrier,mig31k,,False,kpszsu,13579,"⚠ Увага!
🛫Ракетна небезпека по всій території України через зліт МіГ-31К!",2024-04-25
333980,2024-04-27T02:11:11+00:00,carrier,mig31k,Саваслейка,False,kpszsu,13650,Зліт МіГ-31К з аеродрому Саваслейка (Нижньогородська область).,2024-04-26
333981,2024-05-03T15:35:58+00:00,carrier,mig31k,Саваслейка,False,kpszsu,13842,"⚠Увага!
Ракетна небезпека по всій території України! Зліт МіГ-31К з аеродрому Саваслейка (Нижньогородська область).",2024-05-03
333982,2024-05-03T17:36:25+00:00,carrier,mig31k,Саваслейка,False,kpszsu,13845,"⚠Увага!
Ракетна небезпека по всій території України! Зліт МіГ-31К з аеродрому Саваслейка (Нижньогородська область).",2024-05-03
333983,2024-05-03T18:43:43+00:00,carrier,mig31k,Саваслейка,False,kpszsu,13850,"⚠Увага!
Ракетна небезпека по всій території України! Зліт МіГ-31К з аеродрому Саваслейка (Нижньогородська область).",2024-05-03
333984,2024-05-08T03:31:35+00:00,carrier,mig31k,,False,kpszsu,14035,"⚠УВАГА
🚀Вся Україна - ракетна небезпека!
🛬Зафіксовано зліт МіГ-31К.
Не ігноруйте сигнал повітряної тривоги!",2024-05-07
333985,2024-05-12T06:47:41+00:00,carrier,mig31k,Саваслейка,False,kpszsu,14169,"⚠УВАГА
🚀Вся Україна - ракетна небезпека!
🛬Зафіксовано зліт МіГ-31К з аеродрому Саваслейка.
Не ігноруйте сигнал повітряної тривоги!",2024-05-11
333986,2024-05-12T07:15:00+00:00,carrier,mig31k,,True,kpszsu,14170,📢 Відбій загрози по МіГ-31.,2024-05-11
333987,2024-05-13T09:54:41+00:00,carrier,mig31k,Саваслейка,False,kpszsu,14207,"⚠Увага!
Ракетна небезпека по всій території України! Зліт МіГ-31К з аеродрому Саваслейка (Нижньогородська область).",2024-05-13
333988,2024-05-13T11:49:01+00:00,carrier,mig31k,Саваслейка,False,kpszsu,14210,"⚠Увага!
Ракетна небезпека по всій території України! Зліт МіГ-31К з аеродрому Саваслейка (Нижньогородська область).",2024-05-13
333989,2024-05-13T13:44:07+00:00,carrier,mig31k,Саваслейка,False,kpszsu,14215,"⚠Увага!
Ракетна небезпека по всій території України! Зліт МіГ-31К з аеродрому Саваслейка (Нижньогородська область).",2024-05-13
333990,2024-05-20T07:01:23+00:00,carrier,mig31k,,False,kpszsu,14459,"⚠УВАГА
🚀Вся Україна - ракетна небезпека!
🛬Зафіксовано зліт МіГ-31К.
Не ігноруйте сигнал повітряної тривоги!",2024-05-19
333991,2024-05-20T07:31:51+00:00,carrier,mig31k,,True,kpszsu,14460,"📢 Відбій загрози по МіГ-31.

🛫 Зберігається активність ворожої тактичної авіації на південно-східному напрямку.
🚀Загроза застосування авіаційних засобів ураження!",2024-05-19
333992,2024-05-20T15:14:54+00:00,carrier,mig31k,Саваслейка,False,kpszsu,14475,"⚠Увага!
Ракетна небезпека по всій території України! Зліт МіГ-31К з аеродрому Саваслейка (Нижньогородська область).",2024-05-20
333993,2024-05-20T15:49:35+00:00,carrier,mig31k,,True,kpszsu,14480,📢 Відбій загрози по МіГ-31.,2024-05-20
333994,2024-05-20T17:37:52+00:00,carrier,mig31k,,False,kpszsu,14482,"⚠Увага!
Ракетна небезпека по всій території України! Зліт МіГ-31К з Астрахані!",2024-05-20
333995,2024-05-20T18:09:41+00:00,carrier,mig31k,,True,kpszsu,14483,📢 Відбій загрози по МіГ-31.,2024-05-20
333996,2024-05-22T06:33:38+00:00,carrier,mig31k,,False,kpszsu,14532,"⚠УВАГА
🚨 Вся Україна - ракетна небезпека!
🛫 Зафіксовано зліт МіГ-31К.",2024-05-21
333997,2024-05-22T06:52:36+00:00,carrier,mig31k,,True,kpszsu,14534,📢 Відбій  загрози по МіГ-31К.,2024-05-21
333998,2024-05-22T21:28:27+00:00,carrier,mig31k,,False,kpszsu,14560,"⚠УВАГА
🚨 Вся Україна - ракетна небезпека!
🛫 Зафіксовано зліт МіГ-31К.",2024-05-22
333999,2024-05-22T21:47:38+00:00,carrier,mig31k,,True,kpszsu,14561,📢 Відбій  загрози по МіГ-31К.,2024-05-22
334000,2024-05-24T10:26:26+00:00,carrier,mig31k,Саваслейка,False,kpszsu,14616,"⚠Увага!
Ракетна небезпека по всій території України! Зліт МіГ-31К з аеродрому Саваслейка.",2024-05-24
334001,2024-05-24T17:19:29+00:00,carrier,mig31k,,False,kpszsu,14630,"⚠Увага!
Ракетна небезпека по всій території України! Зліт МіГ-31К!",2024-05-24
334002,2024-05-24T19:30:11+00:00,carrier,mig31k,,False,kpszsu,14637,"⚠Увага!
Ракетна небезпека по всій території України! Зліт МіГ-31К!",2024-05-24
334003,2024-05-26T01:22:11+00:00,carrier,mig31k,Саваслейка,False,kpszsu,14697,"⚠ Увага!
🛬Зафіксовано зліт МіГ-31К з аеродрому Саваслейка (Нижньогородська область).",2024-05-25
334004,2024-05-26T06:16:54+00:00,carrier,mig31k,Саваслейка,False,kpszsu,14708,"⚠ Увага!
🚀 Ракетна небезпека по всій території України!
🛬Зафіксовано зліт МіГ-31К з аеродрому Саваслейка (Нижньогородська область).",2024-05-25
334005,2024-05-28T17:17:28+00:00,carrier,mig31k,Ахтубінськ,False,kpszsu,14784,"⚠УВАГА
🚨 Вся Україна - ракетна небезпека!
🛫 Зафіксовано зліт МіГ-31К з аеродрому Ахтубінськ (Астраханська область рф)",2024-05-28
334006,2024-05-28T17:33:31+00:00,carrier,mig31k,,True,kpszsu,14785,📢 Відбій  загрози по МіГ-31К.,2024-05-28
334007,2024-05-29T14:34:48+00:00,carrier,mig31k,Ахтубінськ,False,kpszsu,14818,"⚠УВАГА
🚨 Вся Україна - ракетна небезпека!
🛫 Зафіксовано зліт МіГ-31К з аеродрому Ахтубінськ (Астраханська область рф)",2024-05-29
334008,2024-06-01T05:40:04+00:00,carrier,mig31k,Саваслейка,False,kpszsu,14964,"⚠УВАГА
🚨 Вся Україна - ракетна небезпека!
🛫 Зафіксовано зліт МіГ-31К з аеродрому Саваслейка (Нижньогородська область).",2024-05-31
334009,2024-06-01T06:00:34+00:00,carrier,mig31k,,True,kpszsu,14965,📢 Відбій  загрози по МіГ-31К.,2024-05-31
334010,2024-06-04T18:46:52+00:00,carrier,mig31k,Саваслейка,False,kpszsu,15078,"⚠УВАГА
🚨 Вся Україна - ракетна небезпека!
🛫 Зафіксовано зліт МіГ-31К з аеродрому Саваслейка (Нижньогородська область).",2024-06-04
334011,2024-06-05T04:14:28+00:00,carrier,mig31k,Саваслейка,False,kpszsu,15097,"⚠УВАГА
🚨 Вся Україна - ракетна небезпека!
🛫 Зафіксовано зліт МіГ-31К з аеродрому Саваслейка (Нижньогородська область).",2024-06-04
334012,2024-06-05T10:23:23+00:00,carrier,mig31k,Ахтубінськ,False,kpszsu,15106,"⚠ Увага!
🛬 Ракетна небезпека по всій території України! Зліт МіГ-31К з аеродрому Ахтубінськ (Астраханська область).
Не ігноруйте сигнал повітряної тривоги!""",2024-06-05
334013,2024-06-05T12:36:33+00:00,carrier,mig31k,Ахтубінськ,False,kpszsu,15110,"⚠ Увага!
🛬 Ракетна небезпека по всій території України! Зліт МіГ-31К з аеродрому Ахтубінськ (Астраханська область).
Не ігноруйте сигнал повітряної тривоги!""",2024-06-05
334014,2024-06-12T03:18:47+00:00,carrier,mig31k,Саваслейка,False,kpszsu,15337,"⚠ Увага!
🛬 Ракетна небезпека по всій території України! Зліт МіГ-31К з аеродрому Саваслейка",2024-06-11
334015,2024-06-14T11:50:37+00:00,carrier,mig31k,,False,kpszsu,15453,"⚠УВАГА
🚨 Вся Україна - ракетна небезпека!
🛫 Зафіксовано зліт МіГ-31К!",2024-06-14
334016,2024-06-14T23:13:27+00:00,carrier,mig31k,Саваслейка,False,kpszsu,15468,"⚠УВАГА
🚨 Вся Україна - ракетна небезпека!
🛫 Зафіксовано зліт МіГ-31К з аеродрому Саваслейка (Нижньогородська область).",2024-06-14
334017,2024-06-15T06:21:52+00:00,carrier,mig31k,,False,kpszsu,15473,"⚠УВАГА
🚨 Вся Україна - ракетна небезпека!
🛫 Зафіксовано зліт МіГ-31К",2024-06-14
334018,2024-06-19T14:14:33+00:00,carrier,mig31k,Саваслейка,False,kpszsu,15577,"⚠Увага!
Ракетна небезпека по всій території України! Зліт МіГ-31К з аеродрому Саваслейка.",2024-06-19
334019,2024-06-20T10:48:43+00:00,carrier,mig31k,Саваслейка,False,kpszsu,15617,"⚠УВАГА
🚨 Вся Україна - ракетна небезпека!
🛫 Зафіксовано зліт МіГ-31К з аеродрому Саваслейка (Нижньогородська область).",2024-06-20
334020,2024-06-21T10:58:51+00:00,carrier,mig31k,Саваслейка,False,kpszsu,15654,"⚠Увага!
Ракетна небезпека по всій території України! Зліт МіГ-31К з аеродрому Саваслейка.",2024-06-21
334021,2024-06-21T11:25:59+00:00,carrier,mig31k,,True,kpszsu,15656,📢 Відбій загрози по МіГ-31К.,2024-06-21
334022,2024-06-21T17:20:39+00:00,carrier,mig31k,,False,kpszsu,15665,"⚠Увага!
🚀Ракетна небезпека по всій території України! Зліт МіГ-31К.",2024-06-21
334023,2024-06-21T20:40:27+00:00,carrier,mig31k,,False,kpszsu,15669,"⚠Увага!
🚀Ракетна небезпека по всій території України! 
🛫Зліт МіГ-31К.",2024-06-21
334024,2024-06-21T20:47:54+00:00,carrier,tu95,,False,kpszsu,15671,"⚠️ Увага!
🛩 Зафіксовано зліт 4 бортів ТУ-95МС з авіабази Оленья.
🚨Тривогу не ігноруємо!",2024-06-21
334025,2024-06-24T17:14:33+00:00,carrier,mig31k,Саваслейка,False,kpszsu,15783,"⚠УВАГА
🚨 Вся Україна - ракетна небезпека!
🛫 Зафіксовано зліт МіГ-31К з аеродрому Саваслейка (Нижньогородська область).",2024-06-24
334026,2024-06-24T18:44:32+00:00,carrier,mig31k,Саваслейка,False,kpszsu,15788,"⚠УВАГА
🚨 Вся Україна - ракетна небезпека!
🛫 Зафіксовано зліт МіГ-31К з аеродрому Саваслейка (Нижньогородська область).",2024-06-24
334027,2024-06-24T19:18:36+00:00,carrier,mig31k,Саваслейка,False,kpszsu,15790,"⚠УВАГА
🚨 Вся Україна - ракетна небезпека!
🛫 Зафіксовано зліт МіГ-31К з аеродрому Саваслейка (Нижньогородська область).",2024-06-24
334028,2024-06-25T14:22:18+00:00,carrier,mig31k,Саваслейка,False,kpszsu,15807,"⚠ Увага!
🛬Ракетна небезпека по всій території України! Зліт МіГ-31К з аеродрому Саваслейка (Нижньогородська область).
Не ігноруйте сигнал повітряної тривоги!""",2024-06-25
334029,2024-06-26T23:47:06+00:00,carrier,mig31k,,False,kpszsu,15858,"⚠Увага!
Ракетна небезпека по всій території України! Зліт МіГ-31К.",2024-06-26
334030,2024-06-29T06:57:31+00:00,carrier,mig31k,,False,kpszsu,15942,"⚠  Увага!
Ракетна небезпека по всій території України! Зліт МіГ-31К 
Не ігноруйте сигнал повітряної тривоги!""",2024-06-28
334031,2024-07-01T13:29:36+00:00,carrier,mig31k,,False,kpszsu,16037,"⚠  Увага!
Ракетна небезпека по всій території України! Зліт МіГ-31К 
Не ігноруйте сигнал повітряної тривоги!""",2024-07-01
334032,2024-07-01T20:11:07+00:00,carrier,mig31k,,False,kpszsu,16044,"⚠  Увага!
Ракетна небезпека по всій території України! Зліт МіГ-31К 
Не ігноруйте сигнал повітряної тривоги!""",2024-07-01
334033,2024-07-02T13:30:11+00:00,carrier,mig31k,Саваслейка,False,kpszsu,16067,"⚠Увага!
Ракетна небезпека по всій території України! Зліт МіГ-31К з аеродрому Саваслейка.",2024-07-02
334034,2024-07-02T14:09:33+00:00,carrier,mig31k,,True,kpszsu,16068,"📢 Відбій загрози МіГ-31К .

🛫Зберігається активність ворожої тактичної авіації  на північно-східному та південно-східному напрямках!
🚀Загроза застосування авіаційних засобів ураження!",2024-07-02
334035,2024-07-04T20:41:52+00:00,carrier,mig31k,Саваслейка,False,kpszsu,16171,"⚠Увага!
Ракетна небезпека по всій території України!
Зліт МіГ-31К з аеродрому Саваслейка.",2024-07-04
334036,2024-07-04T21:11:06+00:00,carrier,mig31k,,True,kpszsu,16172,"📢 Відбій загрози МіГ-31К .

Триває атака ударних БпЛА:
1. Група через Чернігівщину ➡️ у західному напрямку!
2. Група через Полтавщину ➡️ курсом на Черкащину/Київщину!
3. Через Херсонщину ➡️ курсом на Миколаївську/ Дніпропетровську область!",2024-07-04
334037,2024-07-06T04:24:18+00:00,carrier,mig31k,,False,kpszsu,16228,"⚠Увага!
🚀Ракетна небезпека по всій території України!
🛫Зліт МіГ31К.",2024-07-05
334038,2024-07-07T19:50:18+00:00,carrier,tu95,Оленья,False,kpszsu,16265,"⚠ Увага!
✈️ Зафіксовано зліт 4 бортів Ту-95 з аеродрому ""Оленья"" (Мурманська область, рф).
Орієнтовний час виходу на пускові рубежі – після 01:10.
Слідкуйте за нашими повідомленнями!
У разі оголошення повітряної тривоги – прямуйте в укриття!",2024-07-07
334039,2024-07-08T04:19:30+00:00,carrier,tu95,Оленья,False,kpszsu,16291,"⚠ Увага!
✈️ Зафіксовано зліт 5 бортів Ту-95 з аеродрому ""Оленья"" (Мурманська область, рф).",2024-07-07
334040,2024-07-08T04:20:09+00:00,carrier,mig31k,,False,kpszsu,16292,"⚠Увага!
Ракетна небезпека по всій території України!
Зліт МіГ-31К!",2024-07-07
334041,2024-07-08T04:43:56+00:00,carrier,mig31k,,True,kpszsu,16293,"📢 Відбій загрози МіГ-31К .

🛬 Активність ворожої тактичної авіації  на сході та південному сході! 
🚀 Є загроза застосування авіаційних засобів ураження для прифронтових областей!",2024-07-07
334042,2024-07-08T07:06:18+00:00,carrier,mig31k,,False,kpszsu,16304,Зафіксовано зліт МіГ- 31К!,2024-07-07
334043,2024-07-10T17:56:52+00:00,carrier,mig31k,,False,kpszsu,16418,"⚠Увага!
🚀Ракетна небезпека по всій території України.
🛫Зафіксовано зліт МіГ-31К!",2024-07-10
334044,2024-07-11T12:31:01+00:00,carrier,mig31k,,False,kpszsu,16446,"⚠Увага!
🚀Ракетна небезпека по всій території України.
🛫Зафіксовано зліт МіГ-31К!",2024-07-11
334045,2024-07-11T14:28:56+00:00,carrier,mig31k,,False,kpszsu,16448,"⚠Увага!
🚀Ракетна небезпека по всій території України.
🛫Зафіксовано зліт МіГ-31К!",2024-07-11
334046,2024-07-11T19:50:48+00:00,carrier,mig31k,,False,kpszsu,16474,"⚠Увага!
🚀Ракетна небезпека по всій території України.
🛫Зафіксовано зліт МіГ-31К!",2024-07-11
334047,2024-07-11T20:18:40+00:00,carrier,mig31k,,True,kpszsu,16477,📢 Відбій загрози по МіГ-31К!,2024-07-11
334048,2024-07-12T18:24:19+00:00,carrier,mig31k,Саваслейка,False,kpszsu,16499,"⚠Увага!
🚀Ракетна небезпека по всій території України.
🛫Зафіксовано зліт МіГ-31К з аеродрому Саваслейка!",2024-07-12
334049,2024-07-13T08:17:59+00:00,carrier,mig31k,Саваслейка,False,kpszsu,16511,"⚠Увага!
Ракетна небезпека по всій території України! Зліт МіГ-31К з аеродрому Саваслейка.",2024-07-12
334050,2024-07-15T05:17:57+00:00,carrier,mig31k,,False,kpszsu,16571,"⚠Увага!
🚀Ракетна небезпека по всій території України!
🛫Зафіксовано зліт МіГ 31 К!",2024-07-14
334051,2024-07-17T18:28:54+00:00,carrier,mig31k,Саваслейка,False,kpszsu,16678,"⚠УВАГА
🚨 Вся Україна - ракетна небезпека!
🛫 Зафіксовано зліт МіГ-31К з аеродрому Саваслейка (Нижньогородська область).",2024-07-17
334052,2024-07-17T20:08:22+00:00,carrier,mig31k,Саваслейка,False,kpszsu,16685,"⚠УВАГА
🚨 Вся Україна - ракетна небезпека!
🛫 Зафіксовано зліт МіГ-31К з аеродрому Саваслейка (Нижньогородська область).",2024-07-17
334053,2024-07-22T20:57:13+00:00,carrier,mig31k,,False,kpszsu,16831,"⚠УВАГА
Вся Україна - ракетна небезпека!
🛫 Зафіксовано зліт МіГ-31К!",2024-07-22
334054,2024-07-22T21:20:15+00:00,carrier,mig31k,,True,kpszsu,16835,"📢 Відбій загрози по МіГ-31.

🛫 Зберігається активність ворожої тактичної авіації на північно-східному напрямку.",2024-07-22
334055,2024-07-24T09:31:31+00:00,carrier,mig31k,Саваслейка,False,kpszsu,16883,"⚠УВАГА
🚨 Вся Україна - ракетна небезпека!
🛫 Зафіксовано зліт МіГ-31К з аеродрому Саваслейка (Нижньогородська область).",2024-07-24
334056,2024-07-25T17:59:55+00:00,carrier,tu95,Оленья,False,kpszsu,16939,"⚠ Увага!
✈ Зліт 3 бортів Ту-95 та 3-х Ту-22 із аеродрому Оленья (Мурманська область, рф)! 

Слідкуйте за нашими повідомленнями!
У разі оголошення повітряної тривоги – прямуйте в укриття!",2024-07-25
334057,2024-07-25T21:12:46+00:00,carrier,mig31k,,False,kpszsu,16947,"⚠Увага!
🚀Ракетна небезпека по всій території України!
🛫Зафіксовано зліт МіГ-31К з ае ""Саваслейка""!",2024-07-25
334058,2024-07-25T21:29:43+00:00,carrier,mig31k,,True,kpszsu,16949,📢 Відбій загрози по МіГ-31.,2024-07-25
334059,2024-07-30T17:08:01+00:00,carrier,mig31k,Саваслейка,False,kpszsu,17109,"⚠УВАГА
🚨 Вся Україна - ракетна небезпека!
🛫 Зафіксовано зліт МіГ-31К з аеродрому Саваслейка (Нижньогородська область).",2024-07-30
334060,2024-07-30T23:36:49+00:00,carrier,mig31k,,False,kpszsu,17160,"⚠Увага!
Ракетна небезпека по всій території України! Зліт МіГ-31К з Астрахані!",2024-07-30
334061,2024-07-31T09:23:17+00:00,carrier,mig31k,Саваслейка,False,kpszsu,17194,"⚠УВАГА
🚨 Вся Україна - ракетна небезпека!
🛫 Зафіксовано зліт МіГ-31К з аеродрому Саваслейка (Нижньогородська область).",2024-07-31
334062,2024-08-02T07:47:24+00:00,carrier,mig31k,,False,kpszsu,17281,"⚠УВАГА
🚨 Вся Україна - ракетна небезпека!
🛫 Зафіксовано зліт МіГ-31К",2024-08-01
334063,2024-08-05T15:13:51+00:00,carrier,mig31k,,False,kpszsu,17413,"⚠ Увага!
Ракетна небезпека по всій території України! Зліт МіГ-31К.
Не ігноруйте сигнал повітряної тривоги!",2024-08-05
334064,2024-08-08T03:22:15+00:00,carrier,mig31k,,False,kpszsu,17516,"⚠ Увага!
Ракетна небезпека по всій території України! Зліт МіГ-31К.
Не ігноруйте сигнал повітряної тривоги!",2024-08-07
334065,2024-08-08T04:03:51+00:00,carrier,mig31k,,True,kpszsu,17517,"📢 Відбій небезпеки по МіГ-31К..

🚀Ракетна небезпека зберігається для Сумської області.",2024-08-07
334066,2024-08-13T04:21:52+00:00,carrier,mig31k,,False,kpszsu,17688,"🚨 Увага!
Ракетна небезпека по всій території України! Зліт МіГ-31К .",2024-08-12
334067,2024-08-24T07:52:54+00:00,carrier,mig31k,,False,kpszsu,18158,"⚠Увага!
🛫 Зафіксовано зліт МіГ-31К!",2024-08-23
334068,2024-08-26T06:03:12+00:00,carrier,mig31k,Саваслейка,False,kpszsu,18296,Зліт МіГ-31К з аеродрому Саваслейка.,2024-08-25
334069,2024-08-27T00:18:31+00:00,carrier,mig31k,,False,kpszsu,18349,"""⚠️ Увага!
Ракетна небезпека по всій території України! Зліт МіГ-31К 
Не ігноруйте сигнал повітряної тривоги!""",2024-08-26
334070,2024-08-27T00:59:29+00:00,carrier,tu95,Енгельс,False,kpszsu,18352,"⚠ Увага!
✈ Зафіксовано зліт кількох Ту-95мс з аеродрому Енгельс.
🕓 Орієнтовний час виходу на пускові рубежі – 4.30.
👀 Слідкуйте за нашими повідомленнями та не ігноруйте сигнали повітряної тривоги.",2024-08-26
334071,2024-09-05T09:16:20+00:00,carrier,mig31k,,False,kpszsu,18856,"🚨 Увага!
Ракетна небезпека по всій території України! Зліт МіГ-31К .",2024-09-05
334072,2024-09-20T18:18:43+00:00,carrier,mig31k,,False,kpszsu,19682,"🚨 Увага!
Ракетна небезпека по всій території України! Зліт МіГ-31К .",2024-09-20
334073,2024-09-26T07:00:22+00:00,carrier,mig31k,,False,kpszsu,20034,"⚠Увага!
Ракетна небезпека по всій території України! Зліт МіГ-31К 
Не ігноруйте сигнал повітряної тривоги!""",2024-09-25
334074,2024-09-27T14:36:15+00:00,carrier,mig31k,,True,kpszsu,20133,📢 Відбій небезпеки по МіГ-31К.,2024-09-27
334075,2024-10-07T06:02:55+00:00,carrier,mig31k,,True,kpszsu,20768,📢 Відбій загрози по МіГ-31К.,2024-10-06
334076,2024-10-11T20:20:21+00:00,carrier,mig31k,,False,kpszsu,21152,"⚠Увага!
🚀Ракетна небезпека по всій території України!
🛫Зафіксовано зліт МіГ 31 К!",2024-10-11
334077,2024-10-15T07:58:52+00:00,carrier,mig31k,,False,kpszsu,21298,"⚠Увага!
Ракетна небезпека по всій території України!
Зліт МіГ-31К!",2024-10-14
334078,2024-10-21T09:18:24+00:00,carrier,mig31k,,False,kpszsu,21704,"⚠Увага!
🚨Ракетна небезпека по всій території України! 
Зліт МіГ-31К з Астрахані!",2024-10-21
334079,2024-10-21T09:50:58+00:00,carrier,mig31k,,True,kpszsu,21705,📢 Відбій загрози по МіГ-31К.,2024-10-21
334080,2024-10-25T08:30:59+00:00,carrier,mig31k,Саваслейка,False,kpszsu,21889,"⚠Увага!
✈Зліт МіГ-31К з аеродрому Саваслейка!
Ракетна небезпека по всій території України!",2024-10-24
334081,2024-11-11T04:52:26+00:00,carrier,mig31k,,False,kpszsu,22721,"⚠ Увага!
Ракетна небезпека по всій території України! Зліт МіГ-31К.",2024-11-10
334082,2024-11-13T01:21:44+00:00,carrier,tu95,,False,kpszsu,22823,"✈Зафіксовано зліт до 6 бортів Ту-95мс, з Оленєгорська. Орієнтовно в районі пускових рубежів очікуються о 5:00.
🔱 Про зміну обстановки повідомимо додатково!
📢Не ігноруйте сигнал повітряної тривоги.",2024-11-12
334083,2024-11-15T04:44:22+00:00,carrier,tu95,,False,kpszsu,22913,✈ За уточненими даними у повітрі близько 8-ми стратегічних бомбардувальників Ту-95МС,2024-11-14
334084,2024-11-17T01:17:03+00:00,carrier,tu95,,False,kpszsu,23010,"⚠Увага!
✈Зафіксовано зліт до 7 бортів Ту-95мс, з Оленєгорська. Орієнтовно в районі пускових рубежів очікуються о 6:00.
🔱 Про зміну обстановки повідомимо додатково!
📢Не ігноруйте сигнал повітряної тривоги.",2024-11-16
334085,2024-11-18T15:38:38+00:00,carrier,mig31k,,False,kpszsu,23182,"⚠ Увага!
Ракетна небезпека по всій території України! Зліт МіГ-31К.
Не ігноруйте сигнал повітряної тривоги!""",2024-11-18
334086,2024-11-18T15:59:43+00:00,carrier,mig31k,,True,kpszsu,23183,📢 Відбій небезпеки по МіГ-31К.,2024-11-18
334087,2024-11-21T03:22:03+00:00,carrier,mig31k,,False,kpszsu,23361,"⚠УТОЧНЕННЯ
🛬Повітряна тривога через зліт МіГ-31К.",2024-11-20
334088,2024-11-21T03:43:49+00:00,carrier,tu95,,False,kpszsu,23362,🛩 У повітрі знаходяться літаки Ту-95.,2024-11-20
334089,2024-11-27T11:03:08+00:00,carrier,mig31k,,False,kpszsu,23666,"⚠ Увага!
Ракетна небезпека по всій території України! Зліт МіГ-31К.
Не ігноруйте сигнал повітряної тривоги!""",2024-11-27
334090,2024-11-28T02:59:27+00:00,carrier,kalibr_ship,,False,kpszsu,23746,"⚠Увага!
Відмічено пуски крилатих ракет типу ""Калібр"" з Чорного моря!",2024-11-27
334091,2024-12-03T09:05:29+00:00,carrier,mig31k,,True,kpszsu,24078,📢 Увага! Відбій загрози МіГ 31К.,2024-12-02
334092,2024-12-13T01:23:33+00:00,carrier,tu95,Оленья,False,kpszsu,24649,"⚠ Увага!
✈ Зафіксовано зліт декількох Ту-95мс з аеродрому Оленья (Мурманська обл., рф).
👀 Слідкуйте за нашими повідомленнями та не ігноруйте сигнали повітряної тривоги.",2024-12-12
334093,2024-12-13T05:24:31+00:00,carrier,mig31k,Саваслейка,False,kpszsu,24687,"⚠ Увага!
Зліт МіГ-31К з аеродрому Саваслейка.
Не ігноруйте сигнал повітряної тривоги!""",2024-12-12
334094,2024-12-14T07:27:39+00:00,carrier,mig31k,,False,kpszsu,24827,"⚠Увага!
🚀Ракетна небезпека по всій території України!
🛫Зафіксовано зліт МіГ-31К!",2024-12-13
334095,2024-12-20T04:39:18+00:00,carrier,mig31k,,False,kpszsu,25137,"⚠Увага!
🚀Ракетна небезпека по всій території України!
🛫Зафіксовано зліт МіГ-31К!",2024-12-19
334096,2024-12-20T05:41:32+00:00,carrier,mig31k,,True,kpszsu,25143,📢 Увага! Відбій загрози МіГ 31К.,2024-12-19
334097,2024-12-24T23:36:26+00:00,carrier,tu95,Оленья,False,kpszsu,25545,"⚠ Увага!
✈ Зафіксовано зліт групи Ту-95мс з аеродрому Оленья (Мурманська обл., рф). Курс - південний.
👀 Слідкуйте за подальшими повідомленнями та не ігноруйте сигнали повітряної тривоги.",2024-12-24
334098,2024-12-25T03:10:41+00:00,carrier,kalibr_ship,,False,kpszsu,25559,"⚠ Увага!
Загроза пуску ракет ""Калібр"" з акваторії Чорного моря.",2024-12-24
334099,2024-12-25T03:25:02+00:00,carrier,kalibr_ship,,False,kpszsu,25560,"⚠ Увага! 
🚀Зафіксовано пуски крилатих ракет типу ""Калібр"" з Чорного моря!",2024-12-24
334100,2024-12-31T06:27:14+00:00,carrier,mig31k,Саваслейка,False,kpszsu,25828,🛫Зліт МіГ-31К з аеродрому Саваслейка.,2024-12-30
334101,2025-01-03T11:38:13+00:00,carrier,mig31k,,False,kpszsu,26117,"⚠Увага!
🚀Ракетна небезпека по всій території України!
🛫Зафіксовано зліт МіГ-31К!",2025-01-03
334102,2025-01-08T08:35:28+00:00,carrier,mig31k,,False,kpszsu,26449,"⚠Увага!
Ракетна небезпека по всій території України!
Зліт МіГ-31К!",2025-01-07
334103,2025-01-15T00:57:57+00:00,carrier,tu95,Оленья,False,kpszsu,26884,"⚠ Увага!
✈ Зафіксовано зліт групи Ту-95мс з аеродрому Оленья (Мурманська обл., рф).
👀 Слідкуйте за подальшими повідомленнями та не ігноруйте сигнали повітряної тривоги.",2025-01-14
334104,2025-01-28T09:19:45+00:00,carrier,mig31k,,False,kpszsu,27677,"⚠Увага!
🚨Ракетна небезпека по всій території України! 
Зліт МіГ-31К!",2025-01-27
334105,2025-01-28T09:33:11+00:00,carrier,mig31k,,True,kpszsu,27678,📢Відбій загрози МіГ-31К,2025-01-27
334106,2025-02-10T21:36:25+00:00,carrier,kalibr_ship,,False,kpszsu,28522,"⚠ Увага! 
🚀Ймовірно відбулись пуски крилатих ракет типу ""Калібр"" з Чорного моря!
       Слідкуйте за подальшими повідомленнями та не ігноруйте сигнали повітряної тривоги.",2025-02-10
334107,2025-02-24T09:08:47+00:00,carrier,mig31k,,False,kpszsu,29403,"⚠Увага!
Ракетна небезпека по всій території України!
Зліт МіГ-31К!",2025-02-23
334108,2025-03-03T09:47:37+00:00,carrier,mig31k,,False,kpszsu,29805,"🚨 Увага!
🛫Ракетна небезпека по всій території України! Зліт МіГ-31К .
Не ігноруйте сигнал повітряної тривоги!",2025-03-02
334109,2025-03-06T15:21:28+00:00,carrier,mig31k,,False,kpszsu,30013,"🚨 Увага!
🛫Ракетна небезпека по всій території України! Зліт МіГ-31К .
Не ігноруйте сигнал повітряної тривоги!",2025-03-06
334110,2025-03-06T22:53:53+00:00,carrier,tu95,Оленья,False,kpszsu,30070,"⚠ Увага!
✈ Зафіксовано зліт групи бортів Ту-95 з аеродрому Оленья (Мурманська область, рф)! 
       Слідкуйте за нашими повідомленнями!
       У разі оголошення повітряної тривоги – прямуйте в укриття!",2025-03-06
334111,2025-03-07T01:06:36+00:00,carrier,kalibr_ship,,False,kpszsu,30076,"⚠Увага!
Відмічено пуски крилатих ракет типу ""Калібр"" з Чорного моря!",2025-03-06
334112,2025-03-13T10:34:29+00:00,carrier,mig31k,,False,kpszsu,30565,"🛫Ракетна небезпека по всій території України! Зліт МіГ-31К .
Не ігноруйте сигнал повітряної тривоги!",2025-03-13
334113,2025-03-13T10:52:26+00:00,carrier,mig31k,,True,kpszsu,30566,📢 Відбій  загрози по МіГ-31К.,2025-03-13
334114,2025-03-14T15:53:38+00:00,carrier,mig31k,,False,kpszsu,30632,"🛫Ракетна небезпека по всій території України! Зліт МіГ-31К .
Не ігноруйте сигнал повітряної тривоги!",2025-03-14
334115,2025-04-03T10:59:38+00:00,carrier,mig31k,,False,kpszsu,31836,"⚠ Увага!
Ракетна небезпека по всій території України! Зліт МіГ-31К.
Не ігноруйте сигнал повітряної тривоги!""",2025-04-03
334116,2025-04-09T14:27:21+00:00,carrier,mig31k,,False,kpszsu,32222,"⚠Увага!
🛫Ракетна небезпека по всій території України! Зліт МіГ-31К з аеродрому в Астрахані.
Не ігноруйте сигнал повітряної тривоги!""",2025-04-09
334117,2025-04-17T10:40:44+00:00,carrier,mig31k,,False,kpszsu,32717,"⚠Увага!
Ракетна небезпека по всій території України!
Зліт МіГ-31К!",2025-04-17
334118,2025-04-17T11:04:10+00:00,carrier,mig31k,,True,kpszsu,32719,"📢 Відбій загрози по МіГ-31К.

🛫 Активність ворожої тактичної авіації  на північно-східному, східному та південно-східному напрямках збарігається! 
🚀Загроза застосування авіаційних засобів ураження для прифронтових областей!",2025-04-17
334119,2025-04-18T11:13:31+00:00,carrier,mig31k,,False,kpszsu,32797,"🛫Ракетна небезпека по всій території України! Зліт МіГ-31К .
Не ігноруйте сигнал повітряної тривоги!",2025-04-18
334120,2025-04-30T00:24:32+00:00,carrier,mig31k,Саваслейка,False,kpszsu,33516,"⚠УВАГА
🚨 Вся Україна - ракетна небезпека!
🛫 Зафіксовано зліт МіГ-31К з аеродрому Саваслейка (Нижньогородська область рф).",2025-04-29
334121,2025-05-13T16:35:42+00:00,carrier,mig31k,,False,kpszsu,34313,"⚠УВАГА
🚨 Вся Україна - ракетна небезпека!
🛫 Зафіксовано зліт МіГ-31К",2025-05-13
334122,2025-05-23T12:36:03+00:00,carrier,mig31k,,False,kpszsu,34894,"⚠Увага!
🚀Ракетна небезпека по всій території України!
🛫Зафіксовано зліт МіГ 31 К!",2025-05-23
334123,2025-06-03T06:50:33+00:00,carrier,mig31k,,False,kpszsu,35544,"⚠Увага!
Ракетна небезпека по всій території України! 
Зліт МіГ-31К!",2025-06-02
334124,2025-06-03T11:25:06+00:00,carrier,mig31k,,False,kpszsu,35559,"⚠Увага!
Ракетна небезпека!
Зліт МіГ-31К!",2025-06-03
334125,2025-06-09T05:55:44+00:00,carrier,mig31k,,False,kpszsu,36031,"⚠Увага!
🛬 Ракетна небезпека по всій території України!
Зліт МіГ-31К!",2025-06-08
334126,2025-06-14T23:10:59+00:00,carrier,mig31k,,False,kpszsu,36335,"⚠УВАГА
🚨 Вся Україна - ракетна небезпека!
🛫 Зафіксовано зліт МіГ-31К",2025-06-14
334127,2025-06-16T22:28:04+00:00,carrier,mig31k,,False,kpszsu,36455,Ракетна небезпека по всій території України! Зліт МіГ-31К!,2025-06-16
334128,2025-06-18T08:43:07+00:00,carrier,mig31k,Саваслейка,False,kpszsu,36566,"⚠УВАГА
🚨 Вся Україна - ракетна небезпека!
🛫 Зафіксовано зліт МіГ-31К з аеродрому Саваслейка (Нижньогородська область рф).",2025-06-17
334129,2025-06-18T09:02:17+00:00,carrier,mig31k,,True,kpszsu,36568,📢 Відбій загрози по МіГ-31К.,2025-06-18
334130,2025-06-26T22:02:30+00:00,carrier,mig31k,Саваслейка,False,kpszsu,37094,"⚠УВАГА
🚨 Вся Україна - ракетна небезпека!
🛫 Зафіксовано зліт МіГ-31К з аеродрому Саваслейка (Нижньогородська область рф).",2025-06-26
334131,2025-06-28T23:09:47+00:00,carrier,mig31k,Саваслейка,False,kpszsu,37259,🛫Зафіксовано зліт МіГ-31К з аеродрому Саваслейка.,2025-06-28
334132,2025-06-29T00:40:27+00:00,carrier,mig31k,Саваслейка,False,kpszsu,37277,🛫Зафіксовано зліт МіГ-31К з аеродрому Саваслейка.,2025-06-28
334133,2025-07-03T21:24:12+00:00,carrier,mig31k,,False,kpszsu,37620,Ракетна небезпека по всій території України! Зліт МіГ-31К!,2025-07-03
334134,2025-07-03T22:02:55+00:00,carrier,mig31k,,True,kpszsu,37626,"📢Відбій загрози по МіГ-31К.
🛵 Триває загроза застосування ворогом ударних БпЛА в областях, де оголошено тривогу.",2025-07-03
334135,2025-07-05T14:36:56+00:00,carrier,mig31k,,False,kpszsu,37767,Ракетна небезпека по всій території України! Зліт МіГ-31К!,2025-07-05
334136,2025-07-05T15:16:26+00:00,carrier,mig31k,,True,kpszsu,37773,📢 Відбій загрози по МіГ-31К.,2025-07-05
334137,2025-07-05T18:47:20+00:00,carrier,mig31k,,False,kpszsu,37787,Ракетна небезпека по всій території України! Зліт МіГ-31К!,2025-07-05
334138,2025-07-05T19:06:00+00:00,carrier,mig31k,,True,kpszsu,37788,📢 Відбій загрози по МіГ-31К.,2025-07-05
334139,2025-07-08T19:51:04+00:00,carrier,mig31k,Саваслейка,False,kpszsu,37963,"⚠УВАГА
🚨 Вся Україна - ракетна небезпека!
🛫 Зафіксовано зліт МіГ-31К з аеродрому Саваслейка (Нижньогородська область рф).",2025-07-08
334140,2025-07-08T20:31:46+00:00,carrier,mig31k,,True,kpszsu,37968,📢 Відбій загрози по МіГ-31К.,2025-07-08
334141,2025-07-08T23:50:26+00:00,carrier,mig31k,,False,kpszsu,37982,"⚠УВАГА
🚨 Вся Україна - ракетна небезпека!
🛫 Зафіксовано зліт 2 МіГ-31К",2025-07-08
334142,2025-07-14T11:17:42+00:00,carrier,mig31k,,False,kpszsu,38436,"⚠Увага!
🚀Ракетна небезпека по всій території України!
🛫Зліт МіГ31К.",2025-07-14
334143,2025-07-15T10:59:16+00:00,carrier,mig31k,,False,kpszsu,38519,"⚠УВАГА
🚨 Вся Україна - ракетна небезпека!
🛫 Зафіксовано зліт 2 МіГ-31К з ае ""Саваслейка"".",2025-07-15
334144,2025-07-15T11:10:43+00:00,carrier,mig31k,,True,kpszsu,38520,📢 Відбій загрози по МіГ-31К.,2025-07-15
334145,2025-07-15T13:00:48+00:00,carrier,mig31k,,False,kpszsu,38533,"⚠УВАГА
🚨 Вся Україна - ракетна небезпека!
🛫 Зафіксовано зліт МіГ-31К.",2025-07-15
334146,2025-07-15T13:19:35+00:00,carrier,mig31k,,True,kpszsu,38535,📢 Відбій загрози по МіГ-31К.,2025-07-15
334147,2025-07-20T20:44:14+00:00,carrier,tu95,Оленья,False,kpszsu,38900,"⚠ Увага!
✈ Зафіксовано зліт кількох бортів Ту-95 з аеродрому Оленья (Мурманська область, рф)! 
 Слідкуйте за нашими повідомленнями!
 У разі оголошення повітряної тривоги – прямуйте в укриття!",2025-07-20
334148,2025-07-20T21:23:40+00:00,carrier,mig31k,,False,kpszsu,38902,"⚠УВАГА
🚨 Вся Україна - ракетна небезпека!
🛫 Зафіксовано зліт МіГ-31К.",2025-07-20
334149,2025-07-20T21:53:33+00:00,carrier,mig31k,,True,kpszsu,38904,"📢 Відбій загрози по МіГ-31К.
🛵 Триває масована атака ворожих ударних БпЛА!",2025-07-20
334150,2025-07-20T23:50:51+00:00,carrier,mig31k,,False,kpszsu,38917,"⚠УВАГА
🚨 Вся Україна - ракетна небезпека!
🛫 Зафіксовано зліт МіГ-31К.",2025-07-20
334151,2025-07-21T00:34:49+00:00,carrier,mig31k,,False,kpszsu,38928,"⚠УВАГА
🚨 Вся Україна - ракетна небезпека!
🛫 Знову зафіксовано зліт МіГ-31К.",2025-07-20
334152,2025-07-21T02:51:05+00:00,carrier,mig31k,,False,kpszsu,38957,"⚠УВАГА
🚨 Вся Україна - ракетна небезпека!
🛫 Зафіксовано зліт МіГ-31К.",2025-07-20
334153,2025-07-24T12:46:24+00:00,carrier,mig31k,,False,kpszsu,39141,"⚠Увага!
🚀Ракетна небезпека по всій території України!
🛫Зафіксовано зліт МіГ-31К!",2025-07-24
334154,2025-07-25T10:50:47+00:00,carrier,mig31k,,False,kpszsu,39213,"⚠УВАГА
🚨 Вся Україна - ракетна небезпека!
🛫 Зафіксовано зліт МіГ-31К.",2025-07-25
334155,2025-07-25T11:05:02+00:00,carrier,mig31k,,True,kpszsu,39214,📢 Відбій загрози по МіГ-31К.,2025-07-25
334156,2025-07-28T04:54:16+00:00,carrier,mig31k,,False,kpszsu,39397,"⚠УВАГА
🚨 Вся Україна - ракетна небезпека!
🛫 Зафіксовано зліт МіГ-31К.",2025-07-27
334157,2025-07-28T05:23:54+00:00,carrier,mig31k,,True,kpszsu,39402,📢 Відбій загрози по МіГ-31К.,2025-07-27
334158,2025-07-28T05:48:19+00:00,carrier,mig31k,,False,kpszsu,39403,"⚠УВАГА
🚨 Вся Україна - ракетна небезпека!
🛫 Зафіксовано зліт МіГ-31К.",2025-07-27
334159,2025-07-28T06:14:53+00:00,carrier,mig31k,,True,kpszsu,39408,📢 Відбій загрози по МіГ-31К.,2025-07-27
334160,2025-07-30T12:57:19+00:00,carrier,mig31k,,False,kpszsu,39527,"⚠УВАГА
🚨 Вся Україна - ракетна небезпека!
🛫 Зафіксовано зліт МіГ-31К.",2025-07-30
334161,2025-07-30T13:25:11+00:00,carrier,mig31k,,True,kpszsu,39529,📢 Відбій загрози по МіГ-31К.,2025-07-30
334162,2025-07-31T10:56:04+00:00,carrier,mig31k,,False,kpszsu,39584,"⚠УВАГА
🚨 Вся Україна - ракетна небезпека!
🛫 Зафіксовано зліт МіГ-31К.",2025-07-31
334163,2025-07-31T18:10:28+00:00,carrier,mig31k,,False,kpszsu,39593,"⚠УВАГА
🚨 Вся Україна - ракетна небезпека!
🛫 Зафіксовано зліт МіГ-31К.",2025-07-31
334164,2025-08-02T15:19:30+00:00,carrier,mig31k,,False,kpszsu,39718,"⚠УВАГА
🚨 Вся Україна - ракетна небезпека!
🛫 Зафіксовано зліт МіГ-31К.",2025-08-02
334165,2025-08-02T15:41:44+00:00,carrier,mig31k,,True,kpszsu,39721,📢 Відбій загрози по МіГ-31К.,2025-08-02
334166,2025-08-04T05:55:35+00:00,carrier,mig31k,,False,kpszsu,39853,"⚠УВАГА
🚨 Вся Україна - ракетна небезпека!
🛫 Зафіксовано зліт МіГ-31К",2025-08-03
334167,2025-08-04T06:39:53+00:00,carrier,mig31k,,True,kpszsu,39861,📢 Відбій загрози по МіГ-31К.,2025-08-03
334168,2025-08-04T07:02:49+00:00,carrier,mig31k,,False,kpszsu,39864,"⚠УВАГА
🚨 Вся Україна - ракетна небезпека!
🛫 Зафіксовано зліт МіГ-31К",2025-08-03
334169,2025-08-04T07:28:26+00:00,carrier,mig31k,,True,kpszsu,39866,📢 Відбій загрози по МіГ-31К.,2025-08-03
334170,2025-08-04T08:46:10+00:00,carrier,mig31k,,False,kpszsu,39871,"⚠УВАГА
🚨 Вся Україна - ракетна небезпека!
🛫 Зафіксовано зліт МіГ-31К",2025-08-03
334171,2025-08-04T09:14:00+00:00,carrier,mig31k,,True,kpszsu,39878,📢 Відбій загрози по МіГ-31К.,2025-08-04
334172,2025-08-11T10:53:00+00:00,carrier,mig31k,,False,kpszsu,40214,"⚠Увага!
Ракетна небезпека по всій території України!
Зліт МіГ-31К!",2025-08-11
334173,2025-08-11T11:08:07+00:00,carrier,mig31k,,True,kpszsu,40215,📢 Відбій загрози по МіГ-31К.,2025-08-11
334174,2025-08-15T16:33:04+00:00,carrier,mig31k,,False,kpszsu,40461,"⚠Увага!
Ракетна небезпека по всій території України!
Зліт МіГ-31К!",2025-08-15
334175,2025-08-15T16:47:05+00:00,carrier,mig31k,,True,kpszsu,40465,📢 Відбій загрози по МіГ-31К.,2025-08-15
334176,2025-08-18T16:21:41+00:00,carrier,mig31k,,False,kpszsu,40640,"⚠Увага!
🚀Ракетна небезпека по всій території України!
🛫Зафіксовано зліт МіГ-31К!",2025-08-18
334177,2025-08-18T16:39:02+00:00,carrier,mig31k,,True,kpszsu,40641,📢 Відбій загрози МіГ-31К по областях.,2025-08-18
334178,2025-08-18T21:25:51+00:00,carrier,tu95,,False,kpszsu,40652,"⚠Увага!
✈Зафіксовано зліт 2-х бортів Ту-95мс.
🔱 Про зміну обстановки повідомимо додатково!
📢Не ігноруйте сигнал повітряної тривоги.",2025-08-18
334179,2025-08-20T09:20:51+00:00,carrier,mig31k,,False,kpszsu,40731,"⚠Увага!
Ракетна небезпека по всій території України!
Зліт МіГ-31К!",2025-08-20
334180,2025-08-20T09:45:03+00:00,carrier,mig31k,,True,kpszsu,40732,📢 Відбій загрози МіГ-31К по областях.,2025-08-20
334181,2025-08-20T23:49:58+00:00,carrier,mig31k,,False,kpszsu,40758,"⚠Увага!
Ракетна небезпека по всій території України!
Зліт МіГ-31К!",2025-08-20
334182,2025-08-28T00:38:22+00:00,carrier,mig31k,,False,kpszsu,41152,🛫Зафіксовано зліт МіГ-31К.,2025-08-27
334183,2025-09-01T07:19:21+00:00,carrier,mig31k,,False,kpszsu,41436,"⚠Увага!
🚀Ракетна небезпека по всій території України!
🛫Зафіксовано зліт МіГ-31К!",2025-08-31
334184,2025-09-01T07:37:24+00:00,carrier,mig31k,,True,kpszsu,41437,"📢 Відбій загрози по МіГ-31.

🛫 Зберігається активність ворожої тактичної авіації на північно-східному та східному напрямках.",2025-08-31
334185,2025-09-06T11:33:16+00:00,carrier,mig31k,,False,kpszsu,41760,"⚠Увага!
🚀Ракетна небезпека по всій території України!
🛫Зафіксовано зліт МіГ-31К!",2025-09-06
334186,2025-09-06T11:50:50+00:00,carrier,mig31k,,True,kpszsu,41761,📢 Відбій загрози по МіГ-31.,2025-09-06
334187,2025-09-11T07:57:43+00:00,carrier,mig31k,,False,kpszsu,42152,"⚠Увага!
🚀Ракетна небезпека по всій території України!
🛫Зафіксовано зліт МіГ-31К!",2025-09-10
334188,2025-09-11T08:12:37+00:00,carrier,mig31k,,True,kpszsu,42153,📢 Відбій загрози по МіГ-31.,2025-09-10
334189,2025-10-03T17:45:51+00:00,carrier,mig31k,,False,kpszsu,43785,"⚠УВАГА
🚨 Вся Україна - ракетна небезпека!
🛫 Зафіксовано зліт МіГ-31К з ае ""Саваслейка"".",2025-10-03
334190,2025-10-03T18:10:24+00:00,carrier,mig31k,,True,kpszsu,43786,📢  Відбій загрози по Міг-31К,2025-10-03
334191,2025-10-04T22:09:42+00:00,carrier,tu95,Оленья,False,kpszsu,43873,"⚠ Увага!
✈ Зафіксовано зліт кількох бортів Ту-95 з аеродрому ""Оленья"" (Мурманська область, рф).
Слідкуйте за нашими повідомленнями!
 У разі оголошення повітряної тривоги – прямуйте в укриття!",2025-10-04
334192,2025-10-05T00:34:32+00:00,carrier,kalibr_ship,,False,kpszsu,43882,"⚠Увага!
🚀Імовірно пуски ""Калібрів"" з акваторії Чорного моря!",2025-10-04
334193,2025-10-05T03:02:43+00:00,carrier,mig31k,,False,kpszsu,43908,"⚠УВАГА
🚨 Вся Україна - ракетна небезпека!
🛫 Зафіксовано зліт МіГ-31К з ае ""Саваслейка"".",2025-10-04
334194,2025-10-10T01:52:56+00:00,carrier,mig31k,,False,kpszsu,44351,"⚠УВАГА
🚨 Вся Україна - ракетна небезпека!
🛫 Зафіксовано зліт МіГ-31К з ае ""Саваслейка""",2025-10-09
334195,2025-10-14T08:25:28+00:00,carrier,mig31k,,False,kpszsu,44702,"⚠УВАГА
🚨 Вся Україна - ракетна небезпека!
🛫 Зафіксовано зліт МіГ-31К",2025-10-13
334196,2025-10-14T08:49:14+00:00,carrier,mig31k,,True,kpszsu,44703,📢  Відбій загрози по Міг-31К,2025-10-13
334197,2025-10-16T02:19:28+00:00,carrier,mig31k,,False,kpszsu,44812,"⚠УВАГА
🚨 Вся Україна - ракетна небезпека!
🛫 Зафіксовано зліт МіГ-31К",2025-10-15
334198,2025-10-16T02:58:42+00:00,carrier,mig31k,,True,kpszsu,44822,📢 Відбій загрози по МіГ-31К,2025-10-15
334199,2025-10-16T03:19:44+00:00,carrier,mig31k,,False,kpszsu,44827,"⚠УВАГА
🚨 Вся Україна - ракетна небезпека!
🛫 Зафіксовано зліт МіГ-31К з ае ""Саваслейка""",2025-10-15
334200,2025-10-16T03:43:46+00:00,carrier,mig31k,,True,kpszsu,44829,📢 Відбій загрози по МіГ-31К,2025-10-15
334201,2025-10-20T09:17:13+00:00,carrier,mig31k,,False,kpszsu,45111,"⚠УВАГА
🚨 Вся Україна - ракетна небезпека!
🛫 Зафіксовано зліт МіГ-31К з ае ""Саваслейка""",2025-10-20
334202,2025-10-20T09:36:06+00:00,carrier,mig31k,,True,kpszsu,45113,📢 Відбій загрози по МіГ-31К,2025-10-20
334203,2025-10-22T04:04:08+00:00,carrier,mig31k,,False,kpszsu,45248,"⚠УВАГА
🚨 Вся Україна - ракетна небезпека!
🛫 Зафіксовано зліт МіГ-31К",2025-10-21
334204,2025-10-22T04:43:47+00:00,carrier,mig31k,,True,kpszsu,45258,📢 Відбій загрози по МіГ-31К,2025-10-21
334205,2025-10-22T05:36:52+00:00,carrier,mig31k,,False,kpszsu,45262,"⚠УВАГА
🚨 Вся Україна - ракетна небезпека!
🛫 Зафіксовано зліт МіГ-31К",2025-10-21
334206,2025-10-22T06:19:19+00:00,carrier,mig31k,,True,kpszsu,45265,📢 Відбій загрози по МіГ-31К,2025-10-21
334207,2025-10-27T16:37:09+00:00,carrier,mig31k,,False,kpszsu,45745,"Ракетна небезпека по всій території України! 
Зліт МіГ-31К.",2025-10-27
334208,2025-10-27T16:52:06+00:00,carrier,mig31k,,True,kpszsu,45746,📢 Відбій загрози по МіГ-31К.,2025-10-27
334209,2025-11-02T21:35:06+00:00,carrier,mig31k,,False,kpszsu,46303,"⚠УВАГА
🚨 Вся Україна - ракетна небезпека!
🛫 Зафіксовано зліт МіГ-31К",2025-11-02
334210,2025-11-02T22:06:18+00:00,carrier,mig31k,,True,kpszsu,46311,📢 Відбій загрози по МіГ-31К.,2025-11-02
334211,2025-11-06T09:04:26+00:00,carrier,mig31k,,False,kpszsu,46638,"⚠УВАГА
🚨 Вся Україна - ракетна небезпека!
🛫 Зафіксовано зліт МіГ-31К.",2025-11-05
334212,2025-11-06T14:40:53+00:00,carrier,mig31k,,False,kpszsu,46659,"⚠УВАГА
🚨 Вся Україна - ракетна небезпека!
🛫 Зафіксовано зліт МіГ-31К.",2025-11-06
334213,2025-11-07T21:25:36+00:00,carrier,mig31k,,False,kpszsu,46760,"⚠УВАГА
🚨 Вся Україна - ракетна небезпека!
🛫 Зафіксовано зліт МіГ-31К.",2025-11-07
334214,2025-11-07T22:55:18+00:00,carrier,mig31k,,False,kpszsu,46771,"⚠УВАГА
🚨 Вся Україна - ракетна небезпека!
🛫 Зафіксовано зліт МіГ-31К.",2025-11-07
334215,2025-11-09T22:30:15+00:00,carrier,mig31k,,False,kpszsu,46997,"⚠УВАГА
🚨 Вся Україна - ракетна небезпека!
🛫 Зафіксовано зліт МіГ-31К",2025-11-09
334216,2025-11-09T23:10:39+00:00,carrier,mig31k,,True,kpszsu,47006,📢 Відбій загрози по МіГ-31К.,2025-11-09
334217,2025-11-13T22:26:24+00:00,carrier,mig31k,,False,kpszsu,47335,"⚠УВАГА
🚨 Вся Україна - ракетна небезпека!
🛫 Зафіксовано зліт МіГ-31К.",2025-11-13
334218,2025-11-14T19:20:48+00:00,carrier,mig31k,,False,kpszsu,47428,"⚠УВАГА
🚨 Вся Україна - ракетна небезпека!
🛫 Зафіксовано зліт МіГ-31К з ае ""Саваслейка""",2025-11-14
334219,2025-11-14T19:50:05+00:00,carrier,mig31k,,True,kpszsu,47433,📢 Відбій загрози по МіГ-31К.,2025-11-14
334220,2025-11-15T07:43:25+00:00,carrier,mig31k,,False,kpszsu,47465,"⚠УВАГА
🚨 Вся Україна - ракетна небезпека!
🛫 Зафіксовано зліт МіГ-31К",2025-11-14
334221,2025-11-15T07:53:21+00:00,carrier,mig31k,,True,kpszsu,47466,📢 Відбій загрози по МІГ-31К,2025-11-14
334222,2025-11-19T04:42:04+00:00,carrier,mig31k,,False,kpszsu,47826,"🛫 Зафіксовано зліт МіГ-31К з ае ""Саваслейка""",2025-11-18
334223,2025-11-19T08:28:18+00:00,carrier,mig31k,Саваслейка,False,kpszsu,47867,"⚠ Увага!
Ракетна небезпека по всій території України! Зліт МіГ-31К з аеродрому Саваслейка (Нижньогородська область).
Не ігноруйте сигнал повітряної тривоги!",2025-11-18
334224,2025-11-24T10:10:09+00:00,carrier,mig31k,,False,kpszsu,48208,"⚠УВАГА
🚨 Вся Україна - ракетна небезпека!
🛫 Зафіксовано зліт МіГ-31К",2025-11-24
334225,2025-11-24T23:03:26+00:00,carrier,mig31k,,False,kpszsu,48261,"⚠УВАГА
🚨 Вся Україна - ракетна небезпека!
🛫 Зафіксовано зліт МіГ-31К",2025-11-24
334226,2025-11-25T04:54:09+00:00,carrier,mig31k,,False,kpszsu,48305,🚨🛬 Зліт МіГ-31!,2025-11-24
334227,2025-11-28T16:47:27+00:00,carrier,mig31k,,False,kpszsu,48539,"⚠УВАГА
🚨 Ракетна небезпека!
🛫 Зафіксовано зліт МіГ-31К",2025-11-28
334228,2025-12-05T23:22:25+00:00,carrier,mig31k,,False,kpszsu,49091,"⚠УВАГА
🚨 Вся Україна - ракетна небезпека!
🛫 Зафіксовано зліт МіГ-31К!",2025-12-05
334229,2025-12-06T00:04:32+00:00,carrier,mig31k,,True,kpszsu,49104,📢 Відбій ракетної небезпеки по МіГ-31К.,2025-12-05
334230,2025-12-06T00:23:00+00:00,carrier,mig31k,,False,kpszsu,49107,"⚠УВАГА
🚨 Вся Україна - ракетна небезпека!
🛫 Зафіксовано зліт МіГ-31К!",2025-12-05
334231,2025-12-06T01:00:26+00:00,carrier,mig31k,,True,kpszsu,49113,📢 Відбій ракетної небезпеки по МіГ-31К.,2025-12-05
334232,2025-12-06T23:22:37+00:00,carrier,mig31k,,False,kpszsu,49210,"⚠УВАГА
🚨 Вся Україна - ракетна небезпека!
🛫 Зафіксовано зліт МіГ-31К!",2025-12-06
334233,2025-12-07T00:06:10+00:00,carrier,mig31k,,True,kpszsu,49219,📢 Відбій загрози по МІГ-31К,2025-12-06
334234,2025-12-13T00:24:06+00:00,carrier,mig31k,,False,kpszsu,49597,🛫Зафіксовано зліт МіГ-31К!,2025-12-12
334235,2025-12-13T00:58:23+00:00,carrier,mig31k,,False,kpszsu,49604,🛫Зафіксовано зліт МіГ-31К!,2025-12-12
334236,2025-12-25T21:54:24+00:00,carrier,kalibr_ship,,False,kpszsu,50762,"⚠ Увага!
🚀Зафіксовано пуски крилатих ракет ""Калібр"" з акваторії Чорного моря.
🚨 Не ігноруйте сигнал повітряної тривоги.",2025-12-25
334237,2025-12-26T23:48:41+00:00,carrier,mig31k,,False,kpszsu,50864,"⚠УВАГА
🚨 Вся Україна - ракетна небезпека!
🛫 Зафіксовано зліт МіГ-31К",2025-12-26
334238,2026-01-04T17:22:13+00:00,carrier,mig31k,,False,kpszsu,51623,"⚠УВАГА
🚨 Вся Україна - ракетна небезпека!
🛫 Зафіксовано зліт МіГ-31К",2026-01-04
334239,2026-01-04T23:35:22+00:00,carrier,mig31k,,False,kpszsu,51640,"⚠УВАГА
🚨 Вся Україна - ракетна небезпека!
🛫 Зафіксовано зліт МіГ-31К",2026-01-04
334240,2026-01-05T00:16:58+00:00,carrier,mig31k,,False,kpszsu,51649,"⚠УВАГА
🛫 Зафіксовано зліт МіГ-31К",2026-01-04
334241,2026-01-08T23:54:22+00:00,carrier,kalibr_ship,,False,kpszsu,51938,"⚠Увага!
🚀Попередньо відмічено пуски КРМБ типу ""Калібр"" з акваторії Чорного моря!",2026-01-08
334242,2026-01-09T00:13:09+00:00,carrier,mig31k,,False,kpszsu,51942,"⚠УВАГА
🚨 Вся Україна - ракетна небезпека!
🛫 Зафіксовано зліт МіГ-31К!",2026-01-08
334243,2026-01-16T16:06:09+00:00,carrier,mig31k,,False,kpszsu,52712,"⚠УВАГА
🚨 Вся Україна - ракетна небезпека!
🛫 Зафіксовано зліт МіГ-31К!",2026-01-16
334244,2026-01-16T16:46:44+00:00,carrier,mig31k,,False,kpszsu,52715,"⚠УВАГА
🚨 Вся Україна - ракетна небезпека!
🛫 Зафіксовано зліт МіГ-31К!",2026-01-16
334245,2026-01-23T14:48:58+00:00,carrier,mig31k,,False,kpszsu,53430,"⚠Увага!
🚀Ракетна небезпека по всій території України!
🛫Зафіксовано зліт МіГ 31 К!",2026-01-23
334246,2026-02-03T16:58:36+00:00,carrier,mig31k,,False,kpszsu,54486,"⚠УВАГА
🚨 Вся Україна - ракетна небезпека!
🛫 Зафіксовано зліт МіГ-31К.",2026-02-03
334247,2026-02-03T17:18:30+00:00,carrier,mig31k,,True,kpszsu,54489,📢 Відбій ракетної небезпеки по МіГ-31К.,2026-02-03
334248,2026-02-06T06:55:38+00:00,carrier,mig31k,,False,kpszsu,54739,"⚠УВАГА!
🛫 Зафіксовано зліт МіГ-31К.
Ракетна небезпека по всій території України!",2026-02-05
334249,2026-02-07T09:23:51+00:00,carrier,mig31k,,False,kpszsu,54984,"⚠УВАГА
🚨 Вся Україна - ракетна небезпека!
🛫 Зафіксовано зліт МіГ-31К.",2026-02-06
334250,2026-02-11T12:39:06+00:00,carrier,mig31k,,False,kpszsu,55309,"⚠УВАГА
🚨 Вся Україна - ракетна небезпека!
🛫 Зафіксовано зліт МіГ-31К.",2026-02-11
334251,2026-02-11T13:30:10+00:00,carrier,mig31k,,True,kpszsu,55322,📢 Відбій небезпеки по МіГ-31К.,2026-02-11
334252,2026-02-22T02:47:53+00:00,carrier,mig31k,,False,kpszsu,56239,"⚠УВАГА
🚨 Вся Україна - ракетна небезпека!
🛫 Зафіксовано зліт МіГ-31К",2026-02-21
334253,2026-02-27T09:25:27+00:00,carrier,mig31k,,False,kpszsu,56661,"⚠Увага!
🚀Ракетна небезпека по всій території України!
🛫Зафіксовано зліт МіГ-31К!",2026-02-26
334254,2026-02-27T09:55:51+00:00,carrier,mig31k,,True,kpszsu,56662,📢 Відбій небезпеки по МіГ-31К.,2026-02-26
334255,2026-03-07T00:24:19+00:00,carrier,kalibr_ship,,False,kpszsu,57299,"⚠ Увага!
🚀Зафіксовано пуски крилатих ракет ""Калібр"" з акваторії Чорного моря.",2026-03-06
334256,2026-03-14T01:42:18+00:00,carrier,kalibr_ship,,False,kpszsu,57901,"⚠Увага!
Відмічено пуски крилатих ракет типу ""Калібр"" з Чорного моря!",2026-03-13
334257,2026-03-28T19:01:44+00:00,carrier,mig31k,,False,kpszsu,58950,"⚠Увага!
🚀Ракетна небезпека по всій території України!
🛫Зліт МіГ31К.",2026-03-28
334258,2026-03-29T22:46:51+00:00,carrier,mig31k,,False,kpszsu,59053,"⚠УВАГА
🚨 Вся Україна - ракетна небезпека!
🛫 Зафіксовано зліт МіГ-31К",2026-03-29
334259,2026-03-29T23:29:39+00:00,carrier,mig31k,,True,kpszsu,59055,📢 Відбій небезпеки по МіГ-31К.,2026-03-29
334260,2026-03-30T01:53:45+00:00,carrier,mig31k,,False,kpszsu,59058,"⚠УВАГА
🚨 Вся Україна - ракетна небезпека!
🛫 Зафіксовано зліт МіГ-31К.",2026-03-29
334261,2026-03-30T02:33:48+00:00,carrier,mig31k,,True,kpszsu,59059,📢 Відбій небезпеки по МіГ-31К.,2026-03-29
334262,2026-03-30T09:55:32+00:00,carrier,mig31k,,False,kpszsu,59084,"⚠Увага!
🚀Ракетна небезпека по всій території України!
🛫Зліт МіГ31К.",2026-03-30
334263,2026-03-30T11:04:52+00:00,carrier,mig31k,Саваслейка,False,kpszsu,59090,"⚠УВАГА
🚨 Вся Україна - ракетна небезпека!
🛫 Зафіксовано зліт МіГ-31К з аеродрому Саваслейка (Нижньогородська область рф).",2026-03-30
334264,2026-03-30T14:27:01+00:00,carrier,mig31k,,False,kpszsu,59104,"⚠УВАГА
🚨 Вся Україна - ракетна небезпека!
🛫 Зафіксовано зліт МіГ-31К",2026-03-30
334265,2026-03-30T18:58:50+00:00,carrier,mig31k,,False,kpszsu,59123,"⚠УВАГА
🚨 Вся Україна - ракетна небезпека!
🛫 Зафіксовано зліт МіГ-31К",2026-03-30
334266,2026-04-03T07:23:49+00:00,carrier,mig31k,,False,kpszsu,59388,"⚠УВАГА
🚨 Вся Україна - ракетна небезпека!
🛫 Зафіксовано зліт МіГ-31К",2026-04-02
334267,2026-04-03T12:25:53+00:00,carrier,mig31k,,False,kpszsu,59420,"⚠Увага!
🚀Ракетна небезпека по всій території України!
🛫Зліт МіГ31К.",2026-04-03
334268,2026-04-17T16:53:01+00:00,carrier,mig31k,Саваслейка,False,kpszsu,60209,"⚠Увага!
🚀Ракетна небезпека по всій території України!
🛫Зафіксовано зліт МіГ-31К з аеродрому Саваслейка!",2026-04-17
334269,2026-04-17T17:09:32+00:00,carrier,mig31k,,True,kpszsu,60210,📢 Відбій небезпеки по МіГ-31К.,2026-04-17
334270,2026-04-30T12:35:16+00:00,carrier,mig31k,,False,kpszsu,60994,"⚠УВАГА
🚨 Вся Україна - ракетна небезпека!
🛫 Зафіксовано зліт МіГ-31К",2026-04-30
334271,2026-04-30T12:49:29+00:00,carrier,mig31k,,True,kpszsu,60997,📢 Відбій загрози по МІГ-31К,2026-04-30
334272,2026-05-13T16:04:46+00:00,carrier,mig31k,,False,kpszsu,61766,"⚠УВАГА
🚨 Вся Україна - ракетна небезпека!
🛫 Зафіксовано зліт МіГ-31К",2026-05-13
334273,2026-05-13T16:33:31+00:00,carrier,mig31k,,True,kpszsu,61768,📢 Відбій небезпеки по МіГ-31К.,2026-05-13
334274,2026-05-13T16:42:27+00:00,carrier,mig31k,,False,kpszsu,61769,"⚠УВАГА
🚨 Вся Україна - ракетна небезпека!
🛫 Зафіксовано зліт МіГ-31К",2026-05-13
334275,2026-05-13T17:08:52+00:00,carrier,mig31k,,True,kpszsu,61774,📢 Відбій небезпеки по МіГ-31К.,2026-05-13
334276,2026-05-13T17:24:14+00:00,carrier,mig31k,,False,kpszsu,61776,"⚠УВАГА
🚨 Вся Україна - ракетна небезпека!
🛫 Зафіксовано зліт МіГ-31К",2026-05-13
334277,2026-05-13T17:49:15+00:00,carrier,mig31k,,True,kpszsu,61777,📢 Відбій загрози по МіГ-31К,2026-05-13
334278,2026-05-13T21:55:54+00:00,carrier,mig31k,,False,kpszsu,61794,"⚠УВАГА
🚨 Вся Україна - ракетна небезпека!
🛫 Зафіксовано зліт МіГ-31К",2026-05-13
334279,2026-05-19T08:47:02+00:00,carrier,mig31k,,False,kpszsu,62242,"⚠УВАГА
🚨 Вся Україна - ракетна небезпека!
🛫 Зафіксовано зліт МіГ-31К",2026-05-18
334280,2026-05-19T09:00:42+00:00,carrier,mig31k,,True,kpszsu,62243,📢 Відбій загрози по МіГ-31К,2026-05-19
334281,2026-05-23T21:32:59+00:00,carrier,mig31k,,False,kpszsu,62555,"⚠УВАГА
🚨 Вся Україна - ракетна небезпека!
🛫 Зафіксовано зліт МіГ-31К",2026-05-23
334282,2026-05-27T09:24:22+00:00,carrier,mig31k,,False,kpszsu,62981,"⚠УВАГА
🚨 Вся Україна - ракетна небезпека!
🛫 Зафіксовано зліт МіГ-31К.",2026-05-27
334283,2026-05-27T10:16:07+00:00,carrier,mig31k,,True,kpszsu,62987,📢 Відбій загрози по МіГ-31К.,2026-05-27
334284,2026-05-27T18:56:47+00:00,carrier,mig31k,,False,kpszsu,63018,"⚠УВАГА
🚨 Вся Україна - ракетна небезпека!
🛫 Зафіксовано зліт МіГ-31К.",2026-05-27
334285,2026-05-28T19:58:10+00:00,carrier,mig31k,,False,kpszsu,63125,"⚠УВАГА
🚨 Вся Україна - ракетна небезпека!
🛫 Зафіксовано зліт МіГ-31К.",2026-05-28
334286,2026-05-29T00:08:31+00:00,carrier,mig31k,,False,kpszsu,63149,"⚠УВАГА
🚨 Вся Україна - ракетна небезпека!
🛫 Зафіксовано зліт МіГ-31К.",2026-05-28
334287,2026-05-29T12:01:06+00:00,carrier,mig31k,,False,kpszsu,63203,"⚠УВАГА
🚨 Вся Україна - ракетна небезпека!
🛫 Зафіксовано зліт МіГ-31К.",2026-05-29
334288,2026-05-29T12:40:54+00:00,carrier,mig31k,,True,kpszsu,63210,📢 Відбій ракетної небезпеки по МіГ-31К.,2026-05-29
334289,2026-06-20T15:31:38+00:00,carrier,mig31k,,False,kpszsu,65711,"⚠УВАГА
🚨 Вся Україна - ракетна небезпека!
🛫 Зафіксовано зліт МіГ-31К",2026-06-20
334290,2026-06-20T15:55:17+00:00,carrier,mig31k,,True,kpszsu,65715,📢 Відбій небезпеки по МіГ-31К.,2026-06-20
334291,2026-06-20T21:54:44+00:00,carrier,mig31k,,False,kpszsu,65752,"⚠УВАГА
🚨 Вся Україна - ракетна небезпека!
🛫 Зафіксовано зліт МіГ-31К",2026-06-20
334292,2026-06-20T22:20:22+00:00,carrier,mig31k,,True,kpszsu,65755,📢 Відбій небезпеки по МіГ-31К.,2026-06-20
334293,2026-06-21T00:40:43+00:00,carrier,mig31k,,False,kpszsu,65767,"⚠УВАГА
🚨 Вся Україна - ракетна небезпека!
🛫 Зафіксовано зліт МіГ-31К!",2026-06-20
334294,2026-06-21T01:09:06+00:00,carrier,mig31k,,True,kpszsu,65777,📢 Відбій небезпеки по МіГ-31К.,2026-06-20
334295,2026-06-21T09:20:56+00:00,carrier,mig31k,,False,kpszsu,65863,"⚠УВАГА
🚨 Вся Україна - ракетна небезпека!
🛫 Зафіксовано зліт МіГ-31К!",2026-06-21
334296,2026-06-21T09:39:45+00:00,carrier,mig31k,,True,kpszsu,65872,📢 Відбій загрози по МіГ-31К.,2026-06-21
334297,2026-06-22T12:34:57+00:00,carrier,mig31k,,False,kpszsu,66017,"🚨 Вся Україна - ракетна небезпека!
🛫 Зафіксовано зліт МіГ-31К!",2026-06-22
334298,2026-06-22T12:56:55+00:00,carrier,mig31k,,True,kpszsu,66019,📢 Відбій загрози по МіГ-31К.,2026-06-22
334299,2026-06-23T19:04:34+00:00,carrier,mig31k,,False,kpszsu,66103,"⚠ Увага!
🚨 Вся Україна - ракетна небезпека!
🛫 Зафіксовано зліт МіГ-31К!",2026-06-23
334300,2026-06-23T19:24:38+00:00,carrier,mig31k,,True,kpszsu,66104,📢 Відбій загрози по МіГ-31К.,2026-06-23
334301,2026-06-23T20:13:29+00:00,carrier,mig31k,,False,kpszsu,66106,"⚠ Увага!
🚨 Вся Україна - ракетна небезпека!
🛫 Зафіксовано зліт МіГ-31К!",2026-06-23
334302,2026-06-23T20:30:34+00:00,carrier,mig31k,,True,kpszsu,66108,📢 Відбій загрози по МіГ-31К.,2026-06-23
334303,2026-06-26T16:10:47+00:00,carrier,mig31k,,False,kpszsu,66506,"⚠УВАГА
🚨 Вся Україна - ракетна небезпека!
🛫 Зафіксовано зліт МіГ-31К!",2026-06-26
334304,2026-06-26T16:25:36+00:00,carrier,mig31k,,True,kpszsu,66509,📢 Відбій загрози по МіГ-31К.,2026-06-26
334305,2026-07-01T23:16:01+00:00,carrier,kalibr_ship,,False,kpszsu,67038,"⚠Увага!
🚀Зафіксовано ймовірні пуски крилатих ракет ""Калібр"" з Чорного моря.
👀 Слідкуйте за нашими повідомленнями та не ігноруйте сигнали повітряної тривоги.",2026-07-01
334306,2026-07-05T20:58:50+00:00,carrier,tu95,Оленья,False,kpszsu,67440,"⚠ Увага!
✈ Зафіксовано зліт кількох бортів Ту-95МС з аеродрому ""Оленья"" (Мурманська область, рф)! 

 Слідкуйте за нашими повідомленнями!
 У разі оголошення повітряної тривоги – прямуйте в укриття!",2026-07-05
334307,2026-08-04T17:37:34+00:00,carrier,mig31k,,True,kpszsu,71508,Відбій загрози по МіГ-31К,2026-08-04
334308,2026-08-07T14:46:41+00:00,carrier,mig31k,Саваслейка,False,kpszsu,71871,"⚠УВАГА
🚨 Вся Україна - ракетна небезпека!
🛫 Зафіксовано зліт МіГ-31К з аеродрому Саваслейка!",2026-08-07
334309,2026-08-07T15:13:39+00:00,carrier,mig31k,,True,kpszsu,71873,📢 Відбій загрози по  МіГ-31К.,2026-08-07
334310,2026-09-12T02:01:13+00:00,carrier,kalibr_ship,,False,kpszsu,77848,"⚠Увага!
🚀Імовірно пуски ""Калібрів"" з акваторії Чорного моря!",2026-09-11
