day,dow,month,holiday_ua,holiday_ua_w,holiday_ru,holiday_ru_w,night_hours,heating_season
2022-01-01,6,1,Новий рік,3,Новий рік,2,16.12,True
2022-01-02,7,1,,,,,16.11,True
2022-01-03,1,1,,,,,16.09,True
2022-01-04,2,1,,,,,16.07,True
2022-01-05,3,1,,,,,16.04,True
2022-01-06,4,1,,,,,16.02,True
2022-01-07,5,1,Різдво,3,Різдво (РПЦ),2,16.0,True
2022-01-08,6,1,,,,,15.97,True
2022-01-09,7,1,,,,,15.94,True
2022-01-10,1,1,,,,,15.91,True
2022-01-11,2,1,,,,,15.88,True
2022-01-12,3,1,,,,,15.85,True
2022-01-13,4,1,,,,,15.82,True
2022-01-14,5,1,,,,,15.78,True
2022-01-15,6,1,,,,,15.75,True
2022-01-16,7,1,,,,,15.71,True
2022-01-17,1,1,,,,,15.67,True
2022-01-18,2,1,,,,,15.64,True
2022-01-19,3,1,,,,,15.6,True
2022-01-20,4,1,,,,,15.56,True
2022-01-21,5,1,,,,,15.51,True
2022-01-22,6,1,День Соборності,2,,,15.47,True
2022-01-23,7,1,,,,,15.43,True
2022-01-24,1,1,,,,,15.38,True
2022-01-25,2,1,,,,,15.34,True
2022-01-26,3,1,,,,,15.29,True
2022-01-27,4,1,,,,,15.24,True
2022-01-28,5,1,,,,,15.19,True
2022-01-29,6,1,,,,,15.15,True
2022-01-30,7,1,,,,,15.1,True
2022-01-31,1,1,,,,,15.05,True
2022-02-01,2,2,,,,,14.99,True
2022-02-02,3,2,,,,,14.94,True
2022-02-03,4,2,,,,,14.89,True
2022-02-04,5,2,,,,,14.84,True
2022-02-05,6,2,,,,,14.78,True
2022-02-06,7,2,,,,,14.73,True
2022-02-07,1,2,,,,,14.67,True
2022-02-08,2,2,,,,,14.62,True
2022-02-09,3,2,,,,,14.56,True
2022-02-10,4,2,,,,,14.51,True
2022-02-11,5,2,,,,,14.45,True
2022-02-12,6,2,,,,,14.39,True
2022-02-13,7,2,,,,,14.33,True
2022-02-14,1,2,,,,,14.27,True
2022-02-15,2,2,,,,,14.21,True
2022-02-16,3,2,,,,,14.16,True
2022-02-17,4,2,,,,,14.1,True
2022-02-18,5,2,,,,,14.04,True
2022-02-19,6,2,,,,,13.98,True
2022-02-20,7,2,,,,,13.91,True
2022-02-21,1,2,,,,,13.85,True
2022-02-22,2,2,,,,,13.79,True
2022-02-23,3,2,,,День захисника вітчизни,3,13.73,True
2022-02-24,4,2,Річниця вторгнення,3,,,13.67,True
2022-02-25,5,2,,,,,13.61,True
2022-02-26,6,2,,,,,13.54,True
2022-02-27,7,2,,,,,13.48,True
2022-02-28,1,2,,,,,13.42,True
2022-03-01,2,3,,,,,13.36,True
2022-03-02,3,3,,,,,13.29,True
2022-03-03,4,3,,,,,13.23,True
2022-03-04,5,3,,,,,13.16,True
2022-03-05,6,3,,,,,13.1,True
2022-03-06,7,3,,,,,13.04,True
2022-03-07,1,3,,,,,12.97,True
2022-03-08,2,3,8 березня,1,8 березня,1,12.91,True
2022-03-09,3,3,,,,,12.84,True
2022-03-10,4,3,,,,,12.78,True
2022-03-11,5,3,,,,,12.71,True
2022-03-12,6,3,,,,,12.65,True
2022-03-13,7,3,,,,,12.59,True
2022-03-14,1,3,,,,,12.52,True
2022-03-15,2,3,,,,,12.46,True
2022-03-16,3,3,,,,,12.39,True
2022-03-17,4,3,,,,,12.33,True
2022-03-18,5,3,,,,,12.26,True
2022-03-19,6,3,,,,,12.2,True
2022-03-20,7,3,,,,,12.13,True
2022-03-21,1,3,,,,,12.07,True
2022-03-22,2,3,,,,,12.0,True
2022-03-23,3,3,,,,,11.93,True
2022-03-24,4,3,,,,,11.87,True
2022-03-25,5,3,,,,,11.8,True
2022-03-26,6,3,,,,,11.74,True
2022-03-27,7,3,,,,,11.67,True
2022-03-28,1,3,,,,,11.61,True
2022-03-29,2,3,,,,,11.54,True
2022-03-30,3,3,,,,,11.48,True
2022-03-31,4,3,,,,,11.41,True
2022-04-01,5,4,,,,,11.35,True
2022-04-02,6,4,,,,,11.29,True
2022-04-03,7,4,,,,,11.22,True
2022-04-04,1,4,,,,,11.16,True
2022-04-05,2,4,,,,,11.09,True
2022-04-06,3,4,,,,,11.03,True
2022-04-07,4,4,,,,,10.96,True
2022-04-08,5,4,,,,,10.9,True
2022-04-09,6,4,,,,,10.84,True
2022-04-10,7,4,,,,,10.77,True
2022-04-11,1,4,,,,,10.71,True
2022-04-12,2,4,,,День космонавтики,1,10.64,True
2022-04-13,3,4,,,,,10.58,True
2022-04-14,4,4,,,,,10.52,True
2022-04-15,5,4,,,,,10.46,True
2022-04-16,6,4,,,,,10.39,False
2022-04-17,7,4,,,,,10.33,False
2022-04-18,1,4,,,,,10.27,False
2022-04-19,2,4,,,,,10.21,False
2022-04-20,3,4,,,,,10.15,False
2022-04-21,4,4,,,,,10.09,False
2022-04-22,5,4,,,,,10.02,False
2022-04-23,6,4,,,,,9.96,False
2022-04-24,7,4,Великдень,3,Пасха (РПЦ),2,9.9,False
2022-04-25,1,4,,,,,9.84,False
2022-04-26,2,4,,,,,9.79,False
2022-04-27,3,4,,,,,9.73,False
2022-04-28,4,4,,,,,9.67,False
2022-04-29,5,4,,,,,9.61,False
2022-04-30,6,4,,,,,9.55,False
2022-05-01,7,5,,,1 травня,1,9.49,False
2022-05-02,1,5,,,,,9.44,False
2022-05-03,2,5,,,,,9.38,False
2022-05-04,3,5,,,,,9.33,False
2022-05-05,4,5,,,,,9.27,False
2022-05-06,5,5,,,,,9.22,False
2022-05-07,6,5,,,,,9.16,False
2022-05-08,7,5,День памʼяті та перемоги,2,,,9.11,False
2022-05-09,1,5,,,День перемоги,3,9.06,False
2022-05-10,2,5,,,,,9.01,False
2022-05-11,3,5,,,,,8.95,False
2022-05-12,4,5,,,,,8.9,False
2022-05-13,5,5,,,,,8.85,False
2022-05-14,6,5,,,,,8.81,False
2022-05-15,7,5,,,,,8.76,False
2022-05-16,1,5,,,,,8.71,False
2022-05-17,2,5,,,,,8.66,False
2022-05-18,3,5,,,,,8.62,False
2022-05-19,4,5,,,,,8.57,False
2022-05-20,5,5,,,,,8.53,False
2022-05-21,6,5,,,,,8.49,False
2022-05-22,7,5,,,,,8.44,False
2022-05-23,1,5,,,,,8.4,False
2022-05-24,2,5,,,,,8.36,False
2022-05-25,3,5,,,,,8.33,False
2022-05-26,4,5,,,,,8.29,False
2022-05-27,5,5,,,,,8.25,False
2022-05-28,6,5,,,,,8.22,False
2022-05-29,7,5,,,,,8.18,False
2022-05-30,1,5,,,,,8.15,False
2022-05-31,2,5,,,,,8.12,False
2022-06-01,3,6,,,,,8.09,False
2022-06-02,4,6,,,,,8.06,False
2022-06-03,5,6,,,,,8.03,False
2022-06-04,6,6,,,,,8.0,False
2022-06-05,7,6,,,,,7.98,False
2022-06-06,1,6,,,,,7.96,False
2022-06-07,2,6,,,,,7.93,False
2022-06-08,3,6,,,,,7.91,False
2022-06-09,4,6,,,,,7.89,False
2022-06-10,5,6,,,,,7.88,False
2022-06-11,6,6,,,,,7.86,False
2022-06-12,7,6,Трійця,1,День росії,2,7.84,False
2022-06-13,1,6,,,,,7.83,False
2022-06-14,2,6,,,,,7.82,False
2022-06-15,3,6,,,,,7.81,False
2022-06-16,4,6,,,,,7.8,False
2022-06-17,5,6,,,,,7.79,False
2022-06-18,6,6,,,,,7.79,False
2022-06-19,7,6,,,,,7.78,False
2022-06-20,1,6,,,,,7.78,False
2022-06-21,2,6,,,,,7.78,False
2022-06-22,3,6,,,,,7.78,False
2022-06-23,4,6,,,,,7.78,False
2022-06-24,5,6,,,,,7.78,False
2022-06-25,6,6,,,,,7.79,False
2022-06-26,7,6,,,,,7.79,False
2022-06-27,1,6,,,,,7.8,False
2022-06-28,2,6,День Конституції,2,,,7.81,False
2022-06-29,3,6,,,,,7.82,False
2022-06-30,4,6,,,,,7.84,False
2022-07-01,5,7,,,,,7.85,False
2022-07-02,6,7,,,,,7.87,False
2022-07-03,7,7,,,,,7.88,False
2022-07-04,1,7,,,,,7.9,False
2022-07-05,2,7,,,,,7.92,False
2022-07-06,3,7,,,,,7.94,False
2022-07-07,4,7,,,,,7.97,False
2022-07-08,5,7,,,,,7.99,False
2022-07-09,6,7,,,,,8.02,False
2022-07-10,7,7,,,,,8.04,False
2022-07-11,1,7,,,,,8.07,False
2022-07-12,2,7,,,,,8.1,False
2022-07-13,3,7,,,,,8.13,False
2022-07-14,4,7,,,,,8.17,False
2022-07-15,5,7,,,,,8.2,False
2022-07-16,6,7,,,,,8.23,False
2022-07-17,7,7,,,,,8.27,False
2022-07-18,1,7,,,,,8.31,False
2022-07-19,2,7,,,,,8.35,False
2022-07-20,3,7,,,,,8.38,False
2022-07-21,4,7,,,,,8.42,False
2022-07-22,5,7,,,,,8.47,False
2022-07-23,6,7,,,,,8.51,False
2022-07-24,7,7,,,,,8.55,False
2022-07-25,1,7,,,,,8.6,False
2022-07-26,2,7,,,,,8.64,False
2022-07-27,3,7,,,,,8.69,False
2022-07-28,4,7,День Державності,2,,,8.73,False
2022-07-29,5,7,,,,,8.78,False
2022-07-30,6,7,,,,,8.83,False
2022-07-31,7,7,,,,,8.88,False
2022-08-01,1,8,,,,,8.93,False
2022-08-02,2,8,,,День ВДВ,1,8.98,False
2022-08-03,3,8,,,,,9.03,False
2022-08-04,4,8,,,,,9.08,False
2022-08-05,5,8,,,,,9.14,False
2022-08-06,6,8,,,,,9.19,False
2022-08-07,7,8,,,,,9.24,False
2022-08-08,1,8,,,,,9.3,False
2022-08-09,2,8,,,,,9.35,False
2022-08-10,3,8,,,,,9.41,False
2022-08-11,4,8,,,,,9.47,False
2022-08-12,5,8,,,,,9.52,False
2022-08-13,6,8,,,,,9.58,False
2022-08-14,7,8,,,,,9.64,False
2022-08-15,1,8,,,,,9.7,False
2022-08-16,2,8,,,,,9.76,False
2022-08-17,3,8,,,,,9.81,False
2022-08-18,4,8,,,,,9.87,False
2022-08-19,5,8,,,,,9.93,False
2022-08-20,6,8,,,,,9.99,False
2022-08-21,7,8,,,,,10.06,False
2022-08-22,1,8,,,,,10.12,False
2022-08-23,2,8,День Прапора,2,,,10.18,False
2022-08-24,3,8,День Незалежності,3,,,10.24,False
2022-08-25,4,8,,,,,10.3,False
2022-08-26,5,8,,,,,10.36,False
2022-08-27,6,8,,,,,10.42,False
2022-08-28,7,8,,,,,10.49,False
2022-08-29,1,8,,,,,10.55,False
2022-08-30,2,8,,,,,10.61,False
2022-08-31,3,8,,,,,10.68,False
2022-09-01,4,9,,,,,10.74,False
2022-09-02,5,9,,,,,10.8,False
2022-09-03,6,9,,,,,10.87,False
2022-09-04,7,9,,,,,10.93,False
2022-09-05,1,9,,,,,11.0,False
2022-09-06,2,9,,,,,11.06,False
2022-09-07,3,9,,,,,11.12,False
2022-09-08,4,9,,,,,11.19,False
2022-09-09,5,9,,,,,11.25,False
2022-09-10,6,9,,,,,11.32,False
2022-09-11,7,9,,,,,11.38,False
2022-09-12,1,9,,,,,11.45,False
2022-09-13,2,9,,,,,11.51,False
2022-09-14,3,9,,,,,11.58,False
2022-09-15,4,9,,,,,11.64,False
2022-09-16,5,9,,,,,11.71,False
2022-09-17,6,9,,,,,11.77,False
2022-09-18,7,9,,,,,11.84,False
2022-09-19,1,9,,,,,11.9,False
2022-09-20,2,9,,,,,11.97,False
2022-09-21,3,9,,,,,12.03,False
2022-09-22,4,9,,,,,12.1,False
2022-09-23,5,9,,,,,12.16,False
2022-09-24,6,9,,,,,12.23,False
2022-09-25,7,9,,,,,12.29,False
2022-09-26,1,9,,,,,12.36,False
2022-09-27,2,9,,,,,12.42,False
2022-09-28,3,9,,,,,12.49,False
2022-09-29,4,9,,,,,12.55,False
2022-09-30,5,9,,,,,12.62,False
2022-10-01,6,10,,,,,12.68,False
2022-10-02,7,10,,,,,12.75,False
2022-10-03,1,10,,,,,12.81,False
2022-10-04,2,10,,,,,12.88,False
2022-10-05,3,10,,,,,12.94,False
2022-10-06,4,10,,,,,13.0,False
2022-10-07,5,10,,,,,13.07,False
2022-10-08,6,10,,,,,13.13,False
2022-10-09,7,10,,,,,13.2,False
2022-10-10,1,10,,,,,13.26,False
2022-10-11,2,10,,,,,13.32,False
2022-10-12,3,10,,,,,13.39,False
2022-10-13,4,10,,,,,13.45,False
2022-10-14,5,10,День захисників і захисниць,2,,,13.51,False
2022-10-15,6,10,,,,,13.58,True
2022-10-16,7,10,,,,,13.64,True
2022-10-17,1,10,,,,,13.7,True
2022-10-18,2,10,,,,,13.76,True
2022-10-19,3,10,,,,,13.82,True
2022-10-20,4,10,,,,,13.88,True
2022-10-21,5,10,,,,,13.94,True
2022-10-22,6,10,,,,,14.01,True
2022-10-23,7,10,,,,,14.07,True
2022-10-24,1,10,,,,,14.13,True
2022-10-25,2,10,,,,,14.19,True
2022-10-26,3,10,,,,,14.24,True
2022-10-27,4,10,,,,,14.3,True
2022-10-28,5,10,,,,,14.36,True
2022-10-29,6,10,,,,,14.42,True
2022-10-30,7,10,,,,,14.48,True
2022-10-31,1,10,,,,,14.53,True
2022-11-01,2,11,,,,,14.59,True
2022-11-02,3,11,,,,,14.65,True
2022-11-03,4,11,,,,,14.7,True
2022-11-04,5,11,,,День єдності,2,14.76,True
2022-11-05,6,11,,,,,14.81,True
2022-11-06,7,11,,,,,14.86,True
2022-11-07,1,11,,,,,14.92,True
2022-11-08,2,11,,,,,14.97,True
2022-11-09,3,11,,,,,15.02,True
2022-11-10,4,11,,,,,15.07,True
2022-11-11,5,11,,,,,15.12,True
2022-11-12,6,11,,,,,15.17,True
2022-11-13,7,11,,,,,15.22,True
2022-11-14,1,11,,,,,15.27,True
2022-11-15,2,11,,,,,15.31,True
2022-11-16,3,11,,,,,15.36,True
2022-11-17,4,11,,,,,15.4,True
2022-11-18,5,11,,,,,15.45,True
2022-11-19,6,11,,,,,15.49,True
2022-11-20,7,11,,,,,15.53,True
2022-11-21,1,11,,,,,15.58,True
2022-11-22,2,11,,,,,15.62,True
2022-11-23,3,11,,,,,15.65,True
2022-11-24,4,11,,,,,15.69,True
2022-11-25,5,11,,,,,15.73,True
2022-11-26,6,11,,,,,15.77,True
2022-11-27,7,11,,,,,15.8,True
2022-11-28,1,11,,,,,15.83,True
2022-11-29,2,11,,,,,15.87,True
2022-11-30,3,11,,,,,15.9,True
2022-12-01,4,12,,,,,15.93,True
2022-12-02,5,12,,,,,15.96,True
2022-12-03,6,12,,,,,15.98,True
2022-12-04,7,12,,,,,16.01,True
2022-12-05,1,12,,,,,16.03,True
2022-12-06,2,12,День Збройних Сил,2,,,16.06,True
2022-12-07,3,12,,,,,16.08,True
2022-12-08,4,12,,,,,16.1,True
2022-12-09,5,12,,,,,16.12,True
2022-12-10,6,12,,,,,16.13,True
2022-12-11,7,12,,,,,16.15,True
2022-12-12,1,12,,,День конституції рф,1,16.16,True
2022-12-13,2,12,,,,,16.18,True
2022-12-14,3,12,,,,,16.19,True
2022-12-15,4,12,,,,,16.2,True
2022-12-16,5,12,,,,,16.21,True
2022-12-17,6,12,,,,,16.21,True
2022-12-18,7,12,,,,,16.22,True
2022-12-19,1,12,,,,,16.22,True
2022-12-20,2,12,,,,,16.22,True
2022-12-21,3,12,,,,,16.22,True
2022-12-22,4,12,,,,,16.22,True
2022-12-23,5,12,,,,,16.22,True
2022-12-24,6,12,,,,,16.21,True
2022-12-25,7,12,Різдво (західне),1,,,16.21,True
2022-12-26,1,12,,,,,16.2,True
2022-12-27,2,12,,,,,16.19,True
2022-12-28,3,12,,,,,16.18,True
2022-12-29,4,12,,,,,16.17,True
2022-12-30,5,12,,,,,16.16,True
2022-12-31,6,12,,,,,16.14,True
2023-01-01,7,1,Новий рік,3,Новий рік,2,16.12,True
2023-01-02,1,1,,,,,16.11,True
2023-01-03,2,1,,,,,16.09,True
2023-01-04,3,1,,,,,16.07,True
2023-01-05,4,1,,,,,16.04,True
2023-01-06,5,1,,,,,16.02,True
2023-01-07,6,1,,,Різдво (РПЦ),2,16.0,True
2023-01-08,7,1,,,,,15.97,True
2023-01-09,1,1,,,,,15.94,True
2023-01-10,2,1,,,,,15.91,True
2023-01-11,3,1,,,,,15.88,True
2023-01-12,4,1,,,,,15.85,True
2023-01-13,5,1,,,,,15.82,True
2023-01-14,6,1,,,,,15.78,True
2023-01-15,7,1,,,,,15.75,True
2023-01-16,1,1,,,,,15.71,True
2023-01-17,2,1,,,,,15.67,True
2023-01-18,3,1,,,,,15.64,True
2023-01-19,4,1,,,,,15.6,True
2023-01-20,5,1,,,,,15.56,True
2023-01-21,6,1,,,,,15.51,True
2023-01-22,7,1,День Соборності,2,,,15.47,True
2023-01-23,1,1,,,,,15.43,True
2023-01-24,2,1,,,,,15.38,True
2023-01-25,3,1,,,,,15.34,True
2023-01-26,4,1,,,,,15.29,True
2023-01-27,5,1,,,,,15.24,True
2023-01-28,6,1,,,,,15.19,True
2023-01-29,7,1,,,,,15.15,True
2023-01-30,1,1,,,,,15.1,True
2023-01-31,2,1,,,,,15.05,True
2023-02-01,3,2,,,,,14.99,True
2023-02-02,4,2,,,,,14.94,True
2023-02-03,5,2,,,,,14.89,True
2023-02-04,6,2,,,,,14.84,True
2023-02-05,7,2,,,,,14.78,True
2023-02-06,1,2,,,,,14.73,True
2023-02-07,2,2,,,,,14.67,True
2023-02-08,3,2,,,,,14.62,True
2023-02-09,4,2,,,,,14.56,True
2023-02-10,5,2,,,,,14.51,True
2023-02-11,6,2,,,,,14.45,True
2023-02-12,7,2,,,,,14.39,True
2023-02-13,1,2,,,,,14.33,True
2023-02-14,2,2,,,,,14.27,True
2023-02-15,3,2,,,,,14.21,True
2023-02-16,4,2,,,,,14.16,True
2023-02-17,5,2,,,,,14.1,True
2023-02-18,6,2,,,,,14.04,True
2023-02-19,7,2,,,,,13.98,True
2023-02-20,1,2,,,,,13.91,True
2023-02-21,2,2,,,,,13.85,True
2023-02-22,3,2,,,,,13.79,True
2023-02-23,4,2,,,День захисника вітчизни,3,13.73,True
2023-02-24,5,2,Річниця вторгнення,3,,,13.67,True
2023-02-25,6,2,,,,,13.61,True
2023-02-26,7,2,,,,,13.54,True
2023-02-27,1,2,,,,,13.48,True
2023-02-28,2,2,,,,,13.42,True
2023-03-01,3,3,,,,,13.36,True
2023-03-02,4,3,,,,,13.29,True
2023-03-03,5,3,,,,,13.23,True
2023-03-04,6,3,,,,,13.16,True
2023-03-05,7,3,,,,,13.1,True
2023-03-06,1,3,,,,,13.04,True
2023-03-07,2,3,,,,,12.97,True
2023-03-08,3,3,8 березня,1,8 березня,1,12.91,True
2023-03-09,4,3,,,,,12.84,True
2023-03-10,5,3,,,,,12.78,True
2023-03-11,6,3,,,,,12.71,True
2023-03-12,7,3,,,,,12.65,True
2023-03-13,1,3,,,,,12.59,True
2023-03-14,2,3,,,,,12.52,True
2023-03-15,3,3,,,,,12.46,True
2023-03-16,4,3,,,,,12.39,True
2023-03-17,5,3,,,,,12.33,True
2023-03-18,6,3,,,,,12.26,True
2023-03-19,7,3,,,,,12.2,True
2023-03-20,1,3,,,,,12.13,True
2023-03-21,2,3,,,,,12.07,True
2023-03-22,3,3,,,,,12.0,True
2023-03-23,4,3,,,,,11.93,True
2023-03-24,5,3,,,,,11.87,True
2023-03-25,6,3,,,,,11.8,True
2023-03-26,7,3,,,,,11.74,True
2023-03-27,1,3,,,,,11.67,True
2023-03-28,2,3,,,,,11.61,True
2023-03-29,3,3,,,,,11.54,True
2023-03-30,4,3,,,,,11.48,True
2023-03-31,5,3,,,,,11.41,True
2023-04-01,6,4,,,,,11.35,True
2023-04-02,7,4,,,,,11.29,True
2023-04-03,1,4,,,,,11.22,True
2023-04-04,2,4,,,,,11.16,True
2023-04-05,3,4,,,,,11.09,True
2023-04-06,4,4,,,,,11.03,True
2023-04-07,5,4,,,,,10.96,True
2023-04-08,6,4,,,,,10.9,True
2023-04-09,7,4,,,,,10.84,True
2023-04-10,1,4,,,,,10.77,True
2023-04-11,2,4,,,,,10.71,True
2023-04-12,3,4,,,День космонавтики,1,10.64,True
2023-04-13,4,4,,,,,10.58,True
2023-04-14,5,4,,,,,10.52,True
2023-04-15,6,4,,,,,10.46,True
2023-04-16,7,4,Великдень,3,Пасха (РПЦ),2,10.39,False
2023-04-17,1,4,,,,,10.33,False
2023-04-18,2,4,,,,,10.27,False
2023-04-19,3,4,,,,,10.21,False
2023-04-20,4,4,,,,,10.15,False
2023-04-21,5,4,,,,,10.09,False
2023-04-22,6,4,,,,,10.02,False
2023-04-23,7,4,,,,,9.96,False
2023-04-24,1,4,,,,,9.9,False
2023-04-25,2,4,,,,,9.84,False
2023-04-26,3,4,,,,,9.79,False
2023-04-27,4,4,,,,,9.73,False
2023-04-28,5,4,,,,,9.67,False
2023-04-29,6,4,,,,,9.61,False
2023-04-30,7,4,,,,,9.55,False
2023-05-01,1,5,,,1 травня,1,9.49,False
2023-05-02,2,5,,,,,9.44,False
2023-05-03,3,5,,,,,9.38,False
2023-05-04,4,5,,,,,9.33,False
2023-05-05,5,5,,,,,9.27,False
2023-05-06,6,5,,,,,9.22,False
2023-05-07,7,5,,,,,9.16,False
2023-05-08,1,5,День памʼяті та перемоги,2,,,9.11,False
2023-05-09,2,5,,,День перемоги,3,9.06,False
2023-05-10,3,5,,,,,9.01,False
2023-05-11,4,5,,,,,8.95,False
2023-05-12,5,5,,,,,8.9,False
2023-05-13,6,5,,,,,8.85,False
2023-05-14,7,5,,,,,8.81,False
2023-05-15,1,5,,,,,8.76,False
2023-05-16,2,5,,,,,8.71,False
2023-05-17,3,5,,,,,8.66,False
2023-05-18,4,5,,,,,8.62,False
2023-05-19,5,5,,,,,8.57,False
2023-05-20,6,5,,,,,8.53,False
2023-05-21,7,5,,,,,8.49,False
2023-05-22,1,5,,,,,8.44,False
2023-05-23,2,5,,,,,8.4,False
2023-05-24,3,5,,,,,8.36,False
2023-05-25,4,5,,,,,8.33,False
2023-05-26,5,5,,,,,8.29,False
2023-05-27,6,5,,,,,8.25,False
2023-05-28,7,5,,,,,8.22,False
2023-05-29,1,5,,,,,8.18,False
2023-05-30,2,5,,,,,8.15,False
2023-05-31,3,5,,,,,8.12,False
2023-06-01,4,6,,,,,8.09,False
2023-06-02,5,6,,,,,8.06,False
2023-06-03,6,6,,,,,8.03,False
2023-06-04,7,6,Трійця,1,,,8.0,False
2023-06-05,1,6,,,,,7.98,False
2023-06-06,2,6,,,,,7.96,False
2023-06-07,3,6,,,,,7.93,False
2023-06-08,4,6,,,,,7.91,False
2023-06-09,5,6,,,,,7.89,False
2023-06-10,6,6,,,,,7.88,False
2023-06-11,7,6,,,,,7.86,False
2023-06-12,1,6,,,День росії,2,7.84,False
2023-06-13,2,6,,,,,7.83,False
2023-06-14,3,6,,,,,7.82,False
2023-06-15,4,6,,,,,7.81,False
2023-06-16,5,6,,,,,7.8,False
2023-06-17,6,6,,,,,7.79,False
2023-06-18,7,6,,,,,7.79,False
2023-06-19,1,6,,,,,7.78,False
2023-06-20,2,6,,,,,7.78,False
2023-06-21,3,6,,,,,7.78,False
2023-06-22,4,6,,,,,7.78,False
2023-06-23,5,6,,,,,7.78,False
2023-06-24,6,6,,,,,7.78,False
2023-06-25,7,6,,,,,7.79,False
2023-06-26,1,6,,,,,7.79,False
2023-06-27,2,6,,,,,7.8,False
2023-06-28,3,6,День Конституції,2,,,7.81,False
2023-06-29,4,6,,,,,7.82,False
2023-06-30,5,6,,,,,7.84,False
2023-07-01,6,7,,,,,7.85,False
2023-07-02,7,7,,,,,7.87,False
2023-07-03,1,7,,,,,7.88,False
2023-07-04,2,7,,,,,7.9,False
2023-07-05,3,7,,,,,7.92,False
2023-07-06,4,7,,,,,7.94,False
2023-07-07,5,7,,,,,7.97,False
2023-07-08,6,7,,,,,7.99,False
2023-07-09,7,7,,,,,8.02,False
2023-07-10,1,7,,,,,8.04,False
2023-07-11,2,7,,,,,8.07,False
2023-07-12,3,7,,,,,8.1,False
2023-07-13,4,7,,,,,8.13,False
2023-07-14,5,7,,,,,8.17,False
2023-07-15,6,7,День Державності,2,,,8.2,False
2023-07-16,7,7,,,,,8.23,False
2023-07-17,1,7,,,,,8.27,False
2023-07-18,2,7,,,,,8.31,False
2023-07-19,3,7,,,,,8.35,False
2023-07-20,4,7,,,,,8.38,False
2023-07-21,5,7,,,,,8.42,False
2023-07-22,6,7,,,,,8.47,False
2023-07-23,7,7,,,,,8.51,False
2023-07-24,1,7,,,,,8.55,False
2023-07-25,2,7,,,,,8.6,False
2023-07-26,3,7,,,,,8.64,False
2023-07-27,4,7,,,,,8.69,False
2023-07-28,5,7,,,,,8.73,False
2023-07-29,6,7,,,,,8.78,False
2023-07-30,7,7,,,,,8.83,False
2023-07-31,1,7,,,,,8.88,False
2023-08-01,2,8,,,,,8.93,False
2023-08-02,3,8,,,День ВДВ,1,8.98,False
2023-08-03,4,8,,,,,9.03,False
2023-08-04,5,8,,,,,9.08,False
2023-08-05,6,8,,,,,9.14,False
2023-08-06,7,8,,,,,9.19,False
2023-08-07,1,8,,,,,9.24,False
2023-08-08,2,8,,,,,9.3,False
2023-08-09,3,8,,,,,9.35,False
2023-08-10,4,8,,,,,9.41,False
2023-08-11,5,8,,,,,9.47,False
2023-08-12,6,8,,,,,9.52,False
2023-08-13,7,8,,,,,9.58,False
2023-08-14,1,8,,,,,9.64,False
2023-08-15,2,8,,,,,9.7,False
2023-08-16,3,8,,,,,9.76,False
2023-08-17,4,8,,,,,9.81,False
2023-08-18,5,8,,,,,9.87,False
2023-08-19,6,8,,,,,9.93,False
2023-08-20,7,8,,,,,9.99,False
2023-08-21,1,8,,,,,10.06,False
2023-08-22,2,8,,,,,10.12,False
2023-08-23,3,8,День Прапора,2,,,10.18,False
2023-08-24,4,8,День Незалежності,3,,,10.24,False
2023-08-25,5,8,,,,,10.3,False
2023-08-26,6,8,,,,,10.36,False
2023-08-27,7,8,,,,,10.42,False
2023-08-28,1,8,,,,,10.49,False
2023-08-29,2,8,,,,,10.55,False
2023-08-30,3,8,,,,,10.61,False
2023-08-31,4,8,,,,,10.68,False
2023-09-01,5,9,,,,,10.74,False
2023-09-02,6,9,,,,,10.8,False
2023-09-03,7,9,,,,,10.87,False
2023-09-04,1,9,,,,,10.93,False
2023-09-05,2,9,,,,,11.0,False
2023-09-06,3,9,,,,,11.06,False
2023-09-07,4,9,,,,,11.12,False
2023-09-08,5,9,,,,,11.19,False
2023-09-09,6,9,,,,,11.25,False
2023-09-10,7,9,,,,,11.32,False
2023-09-11,1,9,,,,,11.38,False
2023-09-12,2,9,,,,,11.45,False
2023-09-13,3,9,,,,,11.51,False
2023-09-14,4,9,,,,,11.58,False
2023-09-15,5,9,,,,,11.64,False
2023-09-16,6,9,,,,,11.71,False
2023-09-17,7,9,,,,,11.77,False
2023-09-18,1,9,,,,,11.84,False
2023-09-19,2,9,,,,,11.9,False
2023-09-20,3,9,,,,,11.97,False
2023-09-21,4,9,,,,,12.03,False
2023-09-22,5,9,,,,,12.1,False
2023-09-23,6,9,,,,,12.16,False
2023-09-24,7,9,,,,,12.23,False
2023-09-25,1,9,,,,,12.29,False
2023-09-26,2,9,,,,,12.36,False
2023-09-27,3,9,,,,,12.42,False
2023-09-28,4,9,,,,,12.49,False
2023-09-29,5,9,,,,,12.55,False
2023-09-30,6,9,,,,,12.62,False
2023-10-01,7,10,День захисників і захисниць,2,,,12.68,False
2023-10-02,1,10,,,,,12.75,False
2023-10-03,2,10,,,,,12.81,False
2023-10-04,3,10,,,,,12.88,False
2023-10-05,4,10,,,,,12.94,False
2023-10-06,5,10,,,,,13.0,False
2023-10-07,6,10,,,,,13.07,False
2023-10-08,7,10,,,,,13.13,False
2023-10-09,1,10,,,,,13.2,False
2023-10-10,2,10,,,,,13.26,False
2023-10-11,3,10,,,,,13.32,False
2023-10-12,4,10,,,,,13.39,False
2023-10-13,5,10,,,,,13.45,False
2023-10-14,6,10,,,,,13.51,False
2023-10-15,7,10,,,,,13.58,True
2023-10-16,1,10,,,,,13.64,True
2023-10-17,2,10,,,,,13.7,True
2023-10-18,3,10,,,,,13.76,True
2023-10-19,4,10,,,,,13.82,True
2023-10-20,5,10,,,,,13.88,True
2023-10-21,6,10,,,,,13.94,True
2023-10-22,7,10,,,,,14.01,True
2023-10-23,1,10,,,,,14.07,True
2023-10-24,2,10,,,,,14.13,True
2023-10-25,3,10,,,,,14.19,True
2023-10-26,4,10,,,,,14.24,True
2023-10-27,5,10,,,,,14.3,True
2023-10-28,6,10,,,,,14.36,True
2023-10-29,7,10,,,,,14.42,True
2023-10-30,1,10,,,,,14.48,True
2023-10-31,2,10,,,,,14.53,True
2023-11-01,3,11,,,,,14.59,True
2023-11-02,4,11,,,,,14.65,True
2023-11-03,5,11,,,,,14.7,True
2023-11-04,6,11,,,День єдності,2,14.76,True
2023-11-05,7,11,,,,,14.81,True
2023-11-06,1,11,,,,,14.86,True
2023-11-07,2,11,,,,,14.92,True
2023-11-08,3,11,,,,,14.97,True
2023-11-09,4,11,,,,,15.02,True
2023-11-10,5,11,,,,,15.07,True
2023-11-11,6,11,,,,,15.12,True
2023-11-12,7,11,,,,,15.17,True
2023-11-13,1,11,,,,,15.22,True
2023-11-14,2,11,,,,,15.27,True
2023-11-15,3,11,,,,,15.31,True
2023-11-16,4,11,,,,,15.36,True
2023-11-17,5,11,,,,,15.4,True
2023-11-18,6,11,,,,,15.45,True
2023-11-19,7,11,,,,,15.49,True
2023-11-20,1,11,,,,,15.53,True
2023-11-21,2,11,,,,,15.58,True
2023-11-22,3,11,,,,,15.62,True
2023-11-23,4,11,,,,,15.65,True
2023-11-24,5,11,,,,,15.69,True
2023-11-25,6,11,,,,,15.73,True
2023-11-26,7,11,,,,,15.77,True
2023-11-27,1,11,,,,,15.8,True
2023-11-28,2,11,,,,,15.83,True
2023-11-29,3,11,,,,,15.87,True
2023-11-30,4,11,,,,,15.9,True
2023-12-01,5,12,,,,,15.93,True
2023-12-02,6,12,,,,,15.96,True
2023-12-03,7,12,,,,,15.98,True
2023-12-04,1,12,,,,,16.01,True
2023-12-05,2,12,,,,,16.03,True
2023-12-06,3,12,День Збройних Сил,2,,,16.06,True
2023-12-07,4,12,,,,,16.08,True
2023-12-08,5,12,,,,,16.1,True
2023-12-09,6,12,,,,,16.12,True
2023-12-10,7,12,,,,,16.13,True
2023-12-11,1,12,,,,,16.15,True
2023-12-12,2,12,,,День конституції рф,1,16.16,True
2023-12-13,3,12,,,,,16.18,True
2023-12-14,4,12,,,,,16.19,True
2023-12-15,5,12,,,,,16.2,True
2023-12-16,6,12,,,,,16.21,True
2023-12-17,7,12,,,,,16.21,True
2023-12-18,1,12,,,,,16.22,True
2023-12-19,2,12,,,,,16.22,True
2023-12-20,3,12,,,,,16.22,True
2023-12-21,4,12,,,,,16.22,True
2023-12-22,5,12,,,,,16.22,True
2023-12-23,6,12,,,,,16.22,True
2023-12-24,7,12,,,,,16.21,True
2023-12-25,1,12,Різдво,3,,,16.21,True
2023-12-26,2,12,,,,,16.2,True
2023-12-27,3,12,,,,,16.19,True
2023-12-28,4,12,,,,,16.18,True
2023-12-29,5,12,,,,,16.17,True
2023-12-30,6,12,,,,,16.16,True
2023-12-31,7,12,,,,,16.14,True
2024-01-01,1,1,Новий рік,3,Новий рік,2,16.12,True
2024-01-02,2,1,,,,,16.11,True
2024-01-03,3,1,,,,,16.09,True
2024-01-04,4,1,,,,,16.07,True
2024-01-05,5,1,,,,,16.04,True
2024-01-06,6,1,,,,,16.02,True
2024-01-07,7,1,,,Різдво (РПЦ),2,16.0,True
2024-01-08,1,1,,,,,15.97,True
2024-01-09,2,1,,,,,15.94,True
2024-01-10,3,1,,,,,15.91,True
2024-01-11,4,1,,,,,15.88,True
2024-01-12,5,1,,,,,15.85,True
2024-01-13,6,1,,,,,15.82,True
2024-01-14,7,1,,,,,15.78,True
2024-01-15,1,1,,,,,15.75,True
2024-01-16,2,1,,,,,15.71,True
2024-01-17,3,1,,,,,15.67,True
2024-01-18,4,1,,,,,15.64,True
2024-01-19,5,1,,,,,15.6,True
2024-01-20,6,1,,,,,15.56,True
2024-01-21,7,1,,,,,15.51,True
2024-01-22,1,1,День Соборності,2,,,15.47,True
2024-01-23,2,1,,,,,15.43,True
2024-01-24,3,1,,,,,15.38,True
2024-01-25,4,1,,,,,15.34,True
2024-01-26,5,1,,,,,15.29,True
2024-01-27,6,1,,,,,15.24,True
2024-01-28,7,1,,,,,15.19,True
2024-01-29,1,1,,,,,15.15,True
2024-01-30,2,1,,,,,15.1,True
2024-01-31,3,1,,,,,15.05,True
2024-02-01,4,2,,,,,14.99,True
2024-02-02,5,2,,,,,14.94,True
2024-02-03,6,2,,,,,14.89,True
2024-02-04,7,2,,,,,14.84,True
2024-02-05,1,2,,,,,14.78,True
2024-02-06,2,2,,,,,14.73,True
2024-02-07,3,2,,,,,14.67,True
2024-02-08,4,2,,,,,14.62,True
2024-02-09,5,2,,,,,14.56,True
2024-02-10,6,2,,,,,14.51,True
2024-02-11,7,2,,,,,14.45,True
2024-02-12,1,2,,,,,14.39,True
2024-02-13,2,2,,,,,14.33,True
2024-02-14,3,2,,,,,14.27,True
2024-02-15,4,2,,,,,14.21,True
2024-02-16,5,2,,,,,14.16,True
2024-02-17,6,2,,,,,14.1,True
2024-02-18,7,2,,,,,14.04,True
2024-02-19,1,2,,,,,13.98,True
2024-02-20,2,2,,,,,13.91,True
2024-02-21,3,2,,,,,13.85,True
2024-02-22,4,2,,,,,13.79,True
2024-02-23,5,2,,,День захисника вітчизни,3,13.73,True
2024-02-24,6,2,Річниця вторгнення,3,,,13.67,True
2024-02-25,7,2,,,,,13.61,True
2024-02-26,1,2,,,,,13.54,True
2024-02-27,2,2,,,,,13.48,True
2024-02-28,3,2,,,,,13.42,True
2024-02-29,4,2,,,,,13.36,True
2024-03-01,5,3,,,,,13.29,True
2024-03-02,6,3,,,,,13.23,True
2024-03-03,7,3,,,,,13.16,True
2024-03-04,1,3,,,,,13.1,True
2024-03-05,2,3,,,,,13.04,True
2024-03-06,3,3,,,,,12.97,True
2024-03-07,4,3,,,,,12.91,True
2024-03-08,5,3,8 березня,1,8 березня,1,12.84,True
2024-03-09,6,3,,,,,12.78,True
2024-03-10,7,3,,,,,12.71,True
2024-03-11,1,3,,,,,12.65,True
2024-03-12,2,3,,,,,12.59,True
2024-03-13,3,3,,,,,12.52,True
2024-03-14,4,3,,,,,12.46,True
2024-03-15,5,3,,,,,12.39,True
2024-03-16,6,3,,,,,12.33,True
2024-03-17,7,3,,,,,12.26,True
2024-03-18,1,3,,,,,12.2,True
2024-03-19,2,3,,,,,12.13,True
2024-03-20,3,3,,,,,12.07,True
2024-03-21,4,3,,,,,12.0,True
2024-03-22,5,3,,,,,11.93,True
2024-03-23,6,3,,,,,11.87,True
2024-03-24,7,3,,,,,11.8,True
2024-03-25,1,3,,,,,11.74,True
2024-03-26,2,3,,,,,11.67,True
2024-03-27,3,3,,,,,11.61,True
2024-03-28,4,3,,,,,11.54,True
2024-03-29,5,3,,,,,11.48,True
2024-03-30,6,3,,,,,11.41,True
2024-03-31,7,3,,,,,11.35,True
2024-04-01,1,4,,,,,11.29,True
2024-04-02,2,4,,,,,11.22,True
2024-04-03,3,4,,,,,11.16,True
2024-04-04,4,4,,,,,11.09,True
2024-04-05,5,4,,,,,11.03,True
2024-04-06,6,4,,,,,10.96,True
2024-04-07,7,4,,,,,10.9,True
2024-04-08,1,4,,,,,10.84,True
2024-04-09,2,4,,,,,10.77,True
2024-04-10,3,4,,,,,10.71,True
2024-04-11,4,4,,,,,10.64,True
2024-04-12,5,4,,,День космонавтики,1,10.58,True
2024-04-13,6,4,,,,,10.52,True
2024-04-14,7,4,,,,,10.46,True
2024-04-15,1,4,,,,,10.39,True
2024-04-16,2,4,,,,,10.33,False
2024-04-17,3,4,,,,,10.27,False
2024-04-18,4,4,,,,,10.21,False
2024-04-19,5,4,,,,,10.15,False
2024-04-20,6,4,,,,,10.09,False
2024-04-21,7,4,,,,,10.02,False
2024-04-22,1,4,,,,,9.96,False
2024-04-23,2,4,,,,,9.9,False
2024-04-24,3,4,,,,,9.84,False
2024-04-25,4,4,,,,,9.79,False
2024-04-26,5,4,,,,,9.73,False
2024-04-27,6,4,,,,,9.67,False
2024-04-28,7,4,,,,,9.61,False
2024-04-29,1,4,,,,,9.55,False
2024-04-30,2,4,,,,,9.49,False
2024-05-01,3,5,,,1 травня,1,9.44,False
2024-05-02,4,5,,,,,9.38,False
2024-05-03,5,5,,,,,9.33,False
2024-05-04,6,5,,,,,9.27,False
2024-05-05,7,5,Великдень,3,Пасха (РПЦ),2,9.22,False
2024-05-06,1,5,,,,,9.16,False
2024-05-07,2,5,,,,,9.11,False
2024-05-08,3,5,День памʼяті та перемоги,2,,,9.06,False
2024-05-09,4,5,,,День перемоги,3,9.01,False
2024-05-10,5,5,,,,,8.95,False
2024-05-11,6,5,,,,,8.9,False
2024-05-12,7,5,,,,,8.85,False
2024-05-13,1,5,,,,,8.81,False
2024-05-14,2,5,,,,,8.76,False
2024-05-15,3,5,,,,,8.71,False
2024-05-16,4,5,,,,,8.66,False
2024-05-17,5,5,,,,,8.62,False
2024-05-18,6,5,,,,,8.57,False
2024-05-19,7,5,,,,,8.53,False
2024-05-20,1,5,,,,,8.49,False
2024-05-21,2,5,,,,,8.44,False
2024-05-22,3,5,,,,,8.4,False
2024-05-23,4,5,,,,,8.36,False
2024-05-24,5,5,,,,,8.33,False
2024-05-25,6,5,,,,,8.29,False
2024-05-26,7,5,,,,,8.25,False
2024-05-27,1,5,,,,,8.22,False
2024-05-28,2,5,,,,,8.18,False
2024-05-29,3,5,,,,,8.15,False
2024-05-30,4,5,,,,,8.12,False
2024-05-31,5,5,,,,,8.09,False
2024-06-01,6,6,,,,,8.06,False
2024-06-02,7,6,,,,,8.03,False
2024-06-03,1,6,,,,,8.0,False
2024-06-04,2,6,,,,,7.98,False
2024-06-05,3,6,,,,,7.96,False
2024-06-06,4,6,,,,,7.93,False
2024-06-07,5,6,,,,,7.91,False
2024-06-08,6,6,,,,,7.89,False
2024-06-09,7,6,,,,,7.88,False
2024-06-10,1,6,,,,,7.86,False
2024-06-11,2,6,,,,,7.84,False
2024-06-12,3,6,,,День росії,2,7.83,False
2024-06-13,4,6,,,,,7.82,False
2024-06-14,5,6,,,,,7.81,False
2024-06-15,6,6,,,,,7.8,False
2024-06-16,7,6,,,,,7.79,False
2024-06-17,1,6,,,,,7.79,False
2024-06-18,2,6,,,,,7.78,False
2024-06-19,3,6,,,,,7.78,False
2024-06-20,4,6,,,,,7.78,False
2024-06-21,5,6,,,,,7.78,False
2024-06-22,6,6,,,,,7.78,False
2024-06-23,7,6,Трійця,1,,,7.78,False
2024-06-24,1,6,,,,,7.79,False
2024-06-25,2,6,,,,,7.79,False
2024-06-26,3,6,,,,,7.8,False
2024-06-27,4,6,,,,,7.81,False
2024-06-28,5,6,День Конституції,2,,,7.82,False
2024-06-29,6,6,,,,,7.84,False
2024-06-30,7,6,,,,,7.85,False
2024-07-01,1,7,,,,,7.87,False
2024-07-02,2,7,,,,,7.88,False
2024-07-03,3,7,,,,,7.9,False
2024-07-04,4,7,,,,,7.92,False
2024-07-05,5,7,,,,,7.94,False
2024-07-06,6,7,,,,,7.97,False
2024-07-07,7,7,,,,,7.99,False
2024-07-08,1,7,,,,,8.02,False
2024-07-09,2,7,,,,,8.04,False
2024-07-10,3,7,,,,,8.07,False
2024-07-11,4,7,,,,,8.1,False
2024-07-12,5,7,,,,,8.13,False
2024-07-13,6,7,,,,,8.17,False
2024-07-14,7,7,,,,,8.2,False
2024-07-15,1,7,День Державності,2,,,8.23,False
2024-07-16,2,7,,,,,8.27,False
2024-07-17,3,7,,,,,8.31,False
2024-07-18,4,7,,,,,8.35,False
2024-07-19,5,7,,,,,8.38,False
2024-07-20,6,7,,,,,8.42,False
2024-07-21,7,7,,,,,8.47,False
2024-07-22,1,7,,,,,8.51,False
2024-07-23,2,7,,,,,8.55,False
2024-07-24,3,7,,,,,8.6,False
2024-07-25,4,7,,,,,8.64,False
2024-07-26,5,7,,,,,8.69,False
2024-07-27,6,7,,,,,8.73,False
2024-07-28,7,7,,,,,8.78,False
2024-07-29,1,7,,,,,8.83,False
2024-07-30,2,7,,,,,8.88,False
2024-07-31,3,7,,,,,8.93,False
2024-08-01,4,8,,,,,8.98,False
2024-08-02,5,8,,,День ВДВ,1,9.03,False
2024-08-03,6,8,,,,,9.08,False
2024-08-04,7,8,,,,,9.14,False
2024-08-05,1,8,,,,,9.19,False
2024-08-06,2,8,,,,,9.24,False
2024-08-07,3,8,,,,,9.3,False
2024-08-08,4,8,,,,,9.35,False
2024-08-09,5,8,,,,,9.41,False
2024-08-10,6,8,,,,,9.47,False
2024-08-11,7,8,,,,,9.52,False
2024-08-12,1,8,,,,,9.58,False
2024-08-13,2,8,,,,,9.64,False
2024-08-14,3,8,,,,,9.7,False
2024-08-15,4,8,,,,,9.76,False
2024-08-16,5,8,,,,,9.81,False
2024-08-17,6,8,,,,,9.87,False
2024-08-18,7,8,,,,,9.93,False
2024-08-19,1,8,,,,,9.99,False
2024-08-20,2,8,,,,,10.06,False
2024-08-21,3,8,,,,,10.12,False
2024-08-22,4,8,,,,,10.18,False
2024-08-23,5,8,День Прапора,2,,,10.24,False
2024-08-24,6,8,День Незалежності,3,,,10.3,False
2024-08-25,7,8,,,,,10.36,False
2024-08-26,1,8,,,,,10.42,False
2024-08-27,2,8,,,,,10.49,False
2024-08-28,3,8,,,,,10.55,False
2024-08-29,4,8,,,,,10.61,False
2024-08-30,5,8,,,,,10.68,False
2024-08-31,6,8,,,,,10.74,False
2024-09-01,7,9,,,,,10.8,False
2024-09-02,1,9,,,,,10.87,False
2024-09-03,2,9,,,,,10.93,False
2024-09-04,3,9,,,,,11.0,False
2024-09-05,4,9,,,,,11.06,False
2024-09-06,5,9,,,,,11.12,False
2024-09-07,6,9,,,,,11.19,False
2024-09-08,7,9,,,,,11.25,False
2024-09-09,1,9,,,,,11.32,False
2024-09-10,2,9,,,,,11.38,False
2024-09-11,3,9,,,,,11.45,False
2024-09-12,4,9,,,,,11.51,False
2024-09-13,5,9,,,,,11.58,False
2024-09-14,6,9,,,,,11.64,False
2024-09-15,7,9,,,,,11.71,False
2024-09-16,1,9,,,,,11.77,False
2024-09-17,2,9,,,,,11.84,False
2024-09-18,3,9,,,,,11.9,False
2024-09-19,4,9,,,,,11.97,False
2024-09-20,5,9,,,,,12.03,False
2024-09-21,6,9,,,,,12.1,False
2024-09-22,7,9,,,,,12.16,False
2024-09-23,1,9,,,,,12.23,False
2024-09-24,2,9,,,,,12.29,False
2024-09-25,3,9,,,,,12.36,False
2024-09-26,4,9,,,,,12.42,False
2024-09-27,5,9,,,,,12.49,False
2024-09-28,6,9,,,,,12.55,False
2024-09-29,7,9,,,,,12.62,False
2024-09-30,1,9,,,,,12.68,False
2024-10-01,2,10,День захисників і захисниць,2,,,12.75,False
2024-10-02,3,10,,,,,12.81,False
2024-10-03,4,10,,,,,12.88,False
2024-10-04,5,10,,,,,12.94,False
2024-10-05,6,10,,,,,13.0,False
2024-10-06,7,10,,,,,13.07,False
2024-10-07,1,10,,,,,13.13,False
2024-10-08,2,10,,,,,13.2,False
2024-10-09,3,10,,,,,13.26,False
2024-10-10,4,10,,,,,13.32,False
2024-10-11,5,10,,,,,13.39,False
2024-10-12,6,10,,,,,13.45,False
2024-10-13,7,10,,,,,13.51,False
2024-10-14,1,10,,,,,13.58,False
2024-10-15,2,10,,,,,13.64,True
2024-10-16,3,10,,,,,13.7,True
2024-10-17,4,10,,,,,13.76,True
2024-10-18,5,10,,,,,13.82,True
2024-10-19,6,10,,,,,13.88,True
2024-10-20,7,10,,,,,13.94,True
2024-10-21,1,10,,,,,14.01,True
2024-10-22,2,10,,,,,14.07,True
2024-10-23,3,10,,,,,14.13,True
2024-10-24,4,10,,,,,14.19,True
2024-10-25,5,10,,,,,14.24,True
2024-10-26,6,10,,,,,14.3,True
2024-10-27,7,10,,,,,14.36,True
2024-10-28,1,10,,,,,14.42,True
2024-10-29,2,10,,,,,14.48,True
2024-10-30,3,10,,,,,14.53,True
2024-10-31,4,10,,,,,14.59,True
2024-11-01,5,11,,,,,14.65,True
2024-11-02,6,11,,,,,14.7,True
2024-11-03,7,11,,,,,14.76,True
2024-11-04,1,11,,,День єдності,2,14.81,True
2024-11-05,2,11,,,,,14.86,True
2024-11-06,3,11,,,,,14.92,True
2024-11-07,4,11,,,,,14.97,True
2024-11-08,5,11,,,,,15.02,True
2024-11-09,6,11,,,,,15.07,True
2024-11-10,7,11,,,,,15.12,True
2024-11-11,1,11,,,,,15.17,True
2024-11-12,2,11,,,,,15.22,True
2024-11-13,3,11,,,,,15.27,True
2024-11-14,4,11,,,,,15.31,True
2024-11-15,5,11,,,,,15.36,True
2024-11-16,6,11,,,,,15.4,True
2024-11-17,7,11,,,,,15.45,True
2024-11-18,1,11,,,,,15.49,True
2024-11-19,2,11,,,,,15.53,True
2024-11-20,3,11,,,,,15.58,True
2024-11-21,4,11,,,,,15.62,True
2024-11-22,5,11,,,,,15.65,True
2024-11-23,6,11,,,,,15.69,True
2024-11-24,7,11,,,,,15.73,True
2024-11-25,1,11,,,,,15.77,True
2024-11-26,2,11,,,,,15.8,True
2024-11-27,3,11,,,,,15.83,True
2024-11-28,4,11,,,,,15.87,True
2024-11-29,5,11,,,,,15.9,True
2024-11-30,6,11,,,,,15.93,True
2024-12-01,7,12,,,,,15.96,True
2024-12-02,1,12,,,,,15.98,True
2024-12-03,2,12,,,,,16.01,True
2024-12-04,3,12,,,,,16.03,True
2024-12-05,4,12,,,,,16.06,True
2024-12-06,5,12,День Збройних Сил,2,,,16.08,True
2024-12-07,6,12,,,,,16.1,True
2024-12-08,7,12,,,,,16.12,True
2024-12-09,1,12,,,,,16.13,True
2024-12-10,2,12,,,,,16.15,True
2024-12-11,3,12,,,,,16.16,True
2024-12-12,4,12,,,День конституції рф,1,16.18,True
2024-12-13,5,12,,,,,16.19,True
2024-12-14,6,12,,,,,16.2,True
2024-12-15,7,12,,,,,16.21,True
2024-12-16,1,12,,,,,16.21,True
2024-12-17,2,12,,,,,16.22,True
2024-12-18,3,12,,,,,16.22,True
2024-12-19,4,12,,,,,16.22,True
2024-12-20,5,12,,,,,16.22,True
2024-12-21,6,12,,,,,16.22,True
2024-12-22,7,12,,,,,16.22,True
2024-12-23,1,12,,,,,16.21,True
2024-12-24,2,12,,,,,16.21,True
2024-12-25,3,12,Різдво,3,,,16.2,True
2024-12-26,4,12,,,,,16.19,True
2024-12-27,5,12,,,,,16.18,True
2024-12-28,6,12,,,,,16.17,True
2024-12-29,7,12,,,,,16.16,True
2024-12-30,1,12,,,,,16.14,True
2024-12-31,2,12,,,,,16.12,True
2025-01-01,3,1,Новий рік,3,Новий рік,2,16.12,True
2025-01-02,4,1,,,,,16.11,True
2025-01-03,5,1,,,,,16.09,True
2025-01-04,6,1,,,,,16.07,True
2025-01-05,7,1,,,,,16.04,True
2025-01-06,1,1,,,,,16.02,True
2025-01-07,2,1,,,Різдво (РПЦ),2,16.0,True
2025-01-08,3,1,,,,,15.97,True
2025-01-09,4,1,,,,,15.94,True
2025-01-10,5,1,,,,,15.91,True
2025-01-11,6,1,,,,,15.88,True
2025-01-12,7,1,,,,,15.85,True
2025-01-13,1,1,,,,,15.82,True
2025-01-14,2,1,,,,,15.78,True
2025-01-15,3,1,,,,,15.75,True
2025-01-16,4,1,,,,,15.71,True
2025-01-17,5,1,,,,,15.67,True
2025-01-18,6,1,,,,,15.64,True
2025-01-19,7,1,,,,,15.6,True
2025-01-20,1,1,,,,,15.56,True
2025-01-21,2,1,,,,,15.51,True
2025-01-22,3,1,День Соборності,2,,,15.47,True
2025-01-23,4,1,,,,,15.43,True
2025-01-24,5,1,,,,,15.38,True
2025-01-25,6,1,,,,,15.34,True
2025-01-26,7,1,,,,,15.29,True
2025-01-27,1,1,,,,,15.24,True
2025-01-28,2,1,,,,,15.19,True
2025-01-29,3,1,,,,,15.15,True
2025-01-30,4,1,,,,,15.1,True
2025-01-31,5,1,,,,,15.05,True
2025-02-01,6,2,,,,,14.99,True
2025-02-02,7,2,,,,,14.94,True
2025-02-03,1,2,,,,,14.89,True
2025-02-04,2,2,,,,,14.84,True
2025-02-05,3,2,,,,,14.78,True
2025-02-06,4,2,,,,,14.73,True
2025-02-07,5,2,,,,,14.67,True
2025-02-08,6,2,,,,,14.62,True
2025-02-09,7,2,,,,,14.56,True
2025-02-10,1,2,,,,,14.51,True
2025-02-11,2,2,,,,,14.45,True
2025-02-12,3,2,,,,,14.39,True
2025-02-13,4,2,,,,,14.33,True
2025-02-14,5,2,,,,,14.27,True
2025-02-15,6,2,,,,,14.21,True
2025-02-16,7,2,,,,,14.16,True
2025-02-17,1,2,,,,,14.1,True
2025-02-18,2,2,,,,,14.04,True
2025-02-19,3,2,,,,,13.98,True
2025-02-20,4,2,,,,,13.91,True
2025-02-21,5,2,,,,,13.85,True
2025-02-22,6,2,,,,,13.79,True
2025-02-23,7,2,,,День захисника вітчизни,3,13.73,True
2025-02-24,1,2,Річниця вторгнення,3,,,13.67,True
2025-02-25,2,2,,,,,13.61,True
2025-02-26,3,2,,,,,13.54,True
2025-02-27,4,2,,,,,13.48,True
2025-02-28,5,2,,,,,13.42,True
2025-03-01,6,3,,,,,13.36,True
2025-03-02,7,3,,,,,13.29,True
2025-03-03,1,3,,,,,13.23,True
2025-03-04,2,3,,,,,13.16,True
2025-03-05,3,3,,,,,13.1,True
2025-03-06,4,3,,,,,13.04,True
2025-03-07,5,3,,,,,12.97,True
2025-03-08,6,3,8 березня,1,8 березня,1,12.91,True
2025-03-09,7,3,,,,,12.84,True
2025-03-10,1,3,,,,,12.78,True
2025-03-11,2,3,,,,,12.71,True
2025-03-12,3,3,,,,,12.65,True
2025-03-13,4,3,,,,,12.59,True
2025-03-14,5,3,,,,,12.52,True
2025-03-15,6,3,,,,,12.46,True
2025-03-16,7,3,,,,,12.39,True
2025-03-17,1,3,,,,,12.33,True
2025-03-18,2,3,,,,,12.26,True
2025-03-19,3,3,,,,,12.2,True
2025-03-20,4,3,,,,,12.13,True
2025-03-21,5,3,,,,,12.07,True
2025-03-22,6,3,,,,,12.0,True
2025-03-23,7,3,,,,,11.93,True
2025-03-24,1,3,,,,,11.87,True
2025-03-25,2,3,,,,,11.8,True
2025-03-26,3,3,,,,,11.74,True
2025-03-27,4,3,,,,,11.67,True
2025-03-28,5,3,,,,,11.61,True
2025-03-29,6,3,,,,,11.54,True
2025-03-30,7,3,,,,,11.48,True
2025-03-31,1,3,,,,,11.41,True
2025-04-01,2,4,,,,,11.35,True
2025-04-02,3,4,,,,,11.29,True
2025-04-03,4,4,,,,,11.22,True
2025-04-04,5,4,,,,,11.16,True
2025-04-05,6,4,,,,,11.09,True
2025-04-06,7,4,,,,,11.03,True
2025-04-07,1,4,,,,,10.96,True
2025-04-08,2,4,,,,,10.9,True
2025-04-09,3,4,,,,,10.84,True
2025-04-10,4,4,,,,,10.77,True
2025-04-11,5,4,,,,,10.71,True
2025-04-12,6,4,,,День космонавтики,1,10.64,True
2025-04-13,7,4,,,,,10.58,True
2025-04-14,1,4,,,,,10.52,True
2025-04-15,2,4,,,,,10.46,True
2025-04-16,3,4,,,,,10.39,False
2025-04-17,4,4,,,,,10.33,False
2025-04-18,5,4,,,,,10.27,False
2025-04-19,6,4,,,,,10.21,False
2025-04-20,7,4,Великдень,3,Пасха (РПЦ),2,10.15,False
2025-04-21,1,4,,,,,10.09,False
2025-04-22,2,4,,,,,10.02,False
2025-04-23,3,4,,,,,9.96,False
2025-04-24,4,4,,,,,9.9,False
2025-04-25,5,4,,,,,9.84,False
2025-04-26,6,4,,,,,9.79,False
2025-04-27,7,4,,,,,9.73,False
2025-04-28,1,4,,,,,9.67,False
2025-04-29,2,4,,,,,9.61,False
2025-04-30,3,4,,,,,9.55,False
2025-05-01,4,5,,,1 травня,1,9.49,False
2025-05-02,5,5,,,,,9.44,False
2025-05-03,6,5,,,,,9.38,False
2025-05-04,7,5,,,,,9.33,False
2025-05-05,1,5,,,,,9.27,False
2025-05-06,2,5,,,,,9.22,False
2025-05-07,3,5,,,,,9.16,False
2025-05-08,4,5,День памʼяті та перемоги,2,,,9.11,False
2025-05-09,5,5,,,День перемоги,3,9.06,False
2025-05-10,6,5,,,,,9.01,False
2025-05-11,7,5,,,,,8.95,False
2025-05-12,1,5,,,,,8.9,False
2025-05-13,2,5,,,,,8.85,False
2025-05-14,3,5,,,,,8.81,False
2025-05-15,4,5,,,,,8.76,False
2025-05-16,5,5,,,,,8.71,False
2025-05-17,6,5,,,,,8.66,False
2025-05-18,7,5,,,,,8.62,False
2025-05-19,1,5,,,,,8.57,False
2025-05-20,2,5,,,,,8.53,False
2025-05-21,3,5,,,,,8.49,False
2025-05-22,4,5,,,,,8.44,False
2025-05-23,5,5,,,,,8.4,False
2025-05-24,6,5,,,,,8.36,False
2025-05-25,7,5,,,,,8.33,False
2025-05-26,1,5,,,,,8.29,False
2025-05-27,2,5,,,,,8.25,False
2025-05-28,3,5,,,,,8.22,False
2025-05-29,4,5,,,,,8.18,False
2025-05-30,5,5,,,,,8.15,False
2025-05-31,6,5,,,,,8.12,False
2025-06-01,7,6,,,,,8.09,False
2025-06-02,1,6,,,,,8.06,False
2025-06-03,2,6,,,,,8.03,False
2025-06-04,3,6,,,,,8.0,False
2025-06-05,4,6,,,,,7.98,False
2025-06-06,5,6,,,,,7.96,False
2025-06-07,6,6,,,,,7.93,False
2025-06-08,7,6,Трійця,1,,,7.91,False
2025-06-09,1,6,,,,,7.89,False
2025-06-10,2,6,,,,,7.88,False
2025-06-11,3,6,,,,,7.86,False
2025-06-12,4,6,,,День росії,2,7.84,False
2025-06-13,5,6,,,,,7.83,False
2025-06-14,6,6,,,,,7.82,False
2025-06-15,7,6,,,,,7.81,False
2025-06-16,1,6,,,,,7.8,False
2025-06-17,2,6,,,,,7.79,False
2025-06-18,3,6,,,,,7.79,False
2025-06-19,4,6,,,,,7.78,False
2025-06-20,5,6,,,,,7.78,False
2025-06-21,6,6,,,,,7.78,False
2025-06-22,7,6,,,,,7.78,False
2025-06-23,1,6,,,,,7.78,False
2025-06-24,2,6,,,,,7.78,False
2025-06-25,3,6,,,,,7.79,False
2025-06-26,4,6,,,,,7.79,False
2025-06-27,5,6,,,,,7.8,False
2025-06-28,6,6,День Конституції,2,,,7.81,False
2025-06-29,7,6,,,,,7.82,False
2025-06-30,1,6,,,,,7.84,False
2025-07-01,2,7,,,,,7.85,False
2025-07-02,3,7,,,,,7.87,False
2025-07-03,4,7,,,,,7.88,False
2025-07-04,5,7,,,,,7.9,False
2025-07-05,6,7,,,,,7.92,False
2025-07-06,7,7,,,,,7.94,False
2025-07-07,1,7,,,,,7.97,False
2025-07-08,2,7,,,,,7.99,False
2025-07-09,3,7,,,,,8.02,False
2025-07-10,4,7,,,,,8.04,False
2025-07-11,5,7,,,,,8.07,False
2025-07-12,6,7,,,,,8.1,False
2025-07-13,7,7,,,,,8.13,False
2025-07-14,1,7,,,,,8.17,False
2025-07-15,2,7,День Державності,2,,,8.2,False
2025-07-16,3,7,,,,,8.23,False
2025-07-17,4,7,,,,,8.27,False
2025-07-18,5,7,,,,,8.31,False
2025-07-19,6,7,,,,,8.35,False
2025-07-20,7,7,,,,,8.38,False
2025-07-21,1,7,,,,,8.42,False
2025-07-22,2,7,,,,,8.47,False
2025-07-23,3,7,,,,,8.51,False
2025-07-24,4,7,,,,,8.55,False
2025-07-25,5,7,,,,,8.6,False
2025-07-26,6,7,,,,,8.64,False
2025-07-27,7,7,,,,,8.69,False
2025-07-28,1,7,,,,,8.73,False
2025-07-29,2,7,,,,,8.78,False
2025-07-30,3,7,,,,,8.83,False
2025-07-31,4,7,,,,,8.88,False
2025-08-01,5,8,,,,,8.93,False
2025-08-02,6,8,,,День ВДВ,1,8.98,False
2025-08-03,7,8,,,,,9.03,False
2025-08-04,1,8,,,,,9.08,False
2025-08-05,2,8,,,,,9.14,False
2025-08-06,3,8,,,,,9.19,False
2025-08-07,4,8,,,,,9.24,False
2025-08-08,5,8,,,,,9.3,False
2025-08-09,6,8,,,,,9.35,False
2025-08-10,7,8,,,,,9.41,False
2025-08-11,1,8,,,,,9.47,False
2025-08-12,2,8,,,,,9.52,False
2025-08-13,3,8,,,,,9.58,False
2025-08-14,4,8,,,,,9.64,False
2025-08-15,5,8,,,,,9.7,False
2025-08-16,6,8,,,,,9.76,False
2025-08-17,7,8,,,,,9.81,False
2025-08-18,1,8,,,,,9.87,False
2025-08-19,2,8,,,,,9.93,False
2025-08-20,3,8,,,,,9.99,False
2025-08-21,4,8,,,,,10.06,False
2025-08-22,5,8,,,,,10.12,False
2025-08-23,6,8,День Прапора,2,,,10.18,False
2025-08-24,7,8,День Незалежності,3,,,10.24,False
2025-08-25,1,8,,,,,10.3,False
2025-08-26,2,8,,,,,10.36,False
2025-08-27,3,8,,,,,10.42,False
2025-08-28,4,8,,,,,10.49,False
2025-08-29,5,8,,,,,10.55,False
2025-08-30,6,8,,,,,10.61,False
2025-08-31,7,8,,,,,10.68,False
2025-09-01,1,9,,,,,10.74,False
2025-09-02,2,9,,,,,10.8,False
2025-09-03,3,9,,,,,10.87,False
2025-09-04,4,9,,,,,10.93,False
2025-09-05,5,9,,,,,11.0,False
2025-09-06,6,9,,,,,11.06,False
2025-09-07,7,9,,,,,11.12,False
2025-09-08,1,9,,,,,11.19,False
2025-09-09,2,9,,,,,11.25,False
2025-09-10,3,9,,,,,11.32,False
2025-09-11,4,9,,,,,11.38,False
2025-09-12,5,9,,,,,11.45,False
2025-09-13,6,9,,,,,11.51,False
2025-09-14,7,9,,,,,11.58,False
2025-09-15,1,9,,,,,11.64,False
2025-09-16,2,9,,,,,11.71,False
2025-09-17,3,9,,,,,11.77,False
2025-09-18,4,9,,,,,11.84,False
2025-09-19,5,9,,,,,11.9,False
2025-09-20,6,9,,,,,11.97,False
2025-09-21,7,9,,,,,12.03,False
2025-09-22,1,9,,,,,12.1,False
2025-09-23,2,9,,,,,12.16,False
2025-09-24,3,9,,,,,12.23,False
2025-09-25,4,9,,,,,12.29,False
2025-09-26,5,9,,,,,12.36,False
2025-09-27,6,9,,,,,12.42,False
2025-09-28,7,9,,,,,12.49,False
2025-09-29,1,9,,,,,12.55,False
2025-09-30,2,9,,,,,12.62,False
2025-10-01,3,10,День захисників і захисниць,2,,,12.68,False
2025-10-02,4,10,,,,,12.75,False
2025-10-03,5,10,,,,,12.81,False
2025-10-04,6,10,,,,,12.88,False
2025-10-05,7,10,,,,,12.94,False
2025-10-06,1,10,,,,,13.0,False
2025-10-07,2,10,,,,,13.07,False
2025-10-08,3,10,,,,,13.13,False
2025-10-09,4,10,,,,,13.2,False
2025-10-10,5,10,,,,,13.26,False
2025-10-11,6,10,,,,,13.32,False
2025-10-12,7,10,,,,,13.39,False
2025-10-13,1,10,,,,,13.45,False
2025-10-14,2,10,,,,,13.51,False
2025-10-15,3,10,,,,,13.58,True
2025-10-16,4,10,,,,,13.64,True
2025-10-17,5,10,,,,,13.7,True
2025-10-18,6,10,,,,,13.76,True
2025-10-19,7,10,,,,,13.82,True
2025-10-20,1,10,,,,,13.88,True
2025-10-21,2,10,,,,,13.94,True
2025-10-22,3,10,,,,,14.01,True
2025-10-23,4,10,,,,,14.07,True
2025-10-24,5,10,,,,,14.13,True
2025-10-25,6,10,,,,,14.19,True
2025-10-26,7,10,,,,,14.24,True
2025-10-27,1,10,,,,,14.3,True
2025-10-28,2,10,,,,,14.36,True
2025-10-29,3,10,,,,,14.42,True
2025-10-30,4,10,,,,,14.48,True
2025-10-31,5,10,,,,,14.53,True
2025-11-01,6,11,,,,,14.59,True
2025-11-02,7,11,,,,,14.65,True
2025-11-03,1,11,,,,,14.7,True
2025-11-04,2,11,,,День єдності,2,14.76,True
2025-11-05,3,11,,,,,14.81,True
2025-11-06,4,11,,,,,14.86,True
2025-11-07,5,11,,,,,14.92,True
2025-11-08,6,11,,,,,14.97,True
2025-11-09,7,11,,,,,15.02,True
2025-11-10,1,11,,,,,15.07,True
2025-11-11,2,11,,,,,15.12,True
2025-11-12,3,11,,,,,15.17,True
2025-11-13,4,11,,,,,15.22,True
2025-11-14,5,11,,,,,15.27,True
2025-11-15,6,11,,,,,15.31,True
2025-11-16,7,11,,,,,15.36,True
2025-11-17,1,11,,,,,15.4,True
2025-11-18,2,11,,,,,15.45,True
2025-11-19,3,11,,,,,15.49,True
2025-11-20,4,11,,,,,15.53,True
2025-11-21,5,11,,,,,15.58,True
2025-11-22,6,11,,,,,15.62,True
2025-11-23,7,11,,,,,15.65,True
2025-11-24,1,11,,,,,15.69,True
2025-11-25,2,11,,,,,15.73,True
2025-11-26,3,11,,,,,15.77,True
2025-11-27,4,11,,,,,15.8,True
2025-11-28,5,11,,,,,15.83,True
2025-11-29,6,11,,,,,15.87,True
2025-11-30,7,11,,,,,15.9,True
2025-12-01,1,12,,,,,15.93,True
2025-12-02,2,12,,,,,15.96,True
2025-12-03,3,12,,,,,15.98,True
2025-12-04,4,12,,,,,16.01,True
2025-12-05,5,12,,,,,16.03,True
2025-12-06,6,12,День Збройних Сил,2,,,16.06,True
2025-12-07,7,12,,,,,16.08,True
2025-12-08,1,12,,,,,16.1,True
2025-12-09,2,12,,,,,16.12,True
2025-12-10,3,12,,,,,16.13,True
2025-12-11,4,12,,,,,16.15,True
2025-12-12,5,12,,,День конституції рф,1,16.16,True
2025-12-13,6,12,,,,,16.18,True
2025-12-14,7,12,,,,,16.19,True
2025-12-15,1,12,,,,,16.2,True
2025-12-16,2,12,,,,,16.21,True
2025-12-17,3,12,,,,,16.21,True
2025-12-18,4,12,,,,,16.22,True
2025-12-19,5,12,,,,,16.22,True
2025-12-20,6,12,,,,,16.22,True
2025-12-21,7,12,,,,,16.22,True
2025-12-22,1,12,,,,,16.22,True
2025-12-23,2,12,,,,,16.22,True
2025-12-24,3,12,,,,,16.21,True
2025-12-25,4,12,Різдво,3,,,16.21,True
2025-12-26,5,12,,,,,16.2,True
2025-12-27,6,12,,,,,16.19,True
2025-12-28,7,12,,,,,16.18,True
2025-12-29,1,12,,,,,16.17,True
2025-12-30,2,12,,,,,16.16,True
2025-12-31,3,12,,,,,16.14,True
2026-01-01,4,1,Новий рік,3,Новий рік,2,16.12,True
2026-01-02,5,1,,,,,16.11,True
2026-01-03,6,1,,,,,16.09,True
2026-01-04,7,1,,,,,16.07,True
2026-01-05,1,1,,,,,16.04,True
2026-01-06,2,1,,,,,16.02,True
2026-01-07,3,1,,,Різдво (РПЦ),2,16.0,True
2026-01-08,4,1,,,,,15.97,True
2026-01-09,5,1,,,,,15.94,True
2026-01-10,6,1,,,,,15.91,True
2026-01-11,7,1,,,,,15.88,True
2026-01-12,1,1,,,,,15.85,True
2026-01-13,2,1,,,,,15.82,True
2026-01-14,3,1,,,,,15.78,True
2026-01-15,4,1,,,,,15.75,True
2026-01-16,5,1,,,,,15.71,True
2026-01-17,6,1,,,,,15.67,True
2026-01-18,7,1,,,,,15.64,True
2026-01-19,1,1,,,,,15.6,True
2026-01-20,2,1,,,,,15.56,True
2026-01-21,3,1,,,,,15.51,True
2026-01-22,4,1,День Соборності,2,,,15.47,True
2026-01-23,5,1,,,,,15.43,True
2026-01-24,6,1,,,,,15.38,True
2026-01-25,7,1,,,,,15.34,True
2026-01-26,1,1,,,,,15.29,True
2026-01-27,2,1,,,,,15.24,True
2026-01-28,3,1,,,,,15.19,True
2026-01-29,4,1,,,,,15.15,True
2026-01-30,5,1,,,,,15.1,True
2026-01-31,6,1,,,,,15.05,True
2026-02-01,7,2,,,,,14.99,True
2026-02-02,1,2,,,,,14.94,True
2026-02-03,2,2,,,,,14.89,True
2026-02-04,3,2,,,,,14.84,True
2026-02-05,4,2,,,,,14.78,True
2026-02-06,5,2,,,,,14.73,True
2026-02-07,6,2,,,,,14.67,True
2026-02-08,7,2,,,,,14.62,True
2026-02-09,1,2,,,,,14.56,True
2026-02-10,2,2,,,,,14.51,True
2026-02-11,3,2,,,,,14.45,True
2026-02-12,4,2,,,,,14.39,True
2026-02-13,5,2,,,,,14.33,True
2026-02-14,6,2,,,,,14.27,True
2026-02-15,7,2,,,,,14.21,True
2026-02-16,1,2,,,,,14.16,True
2026-02-17,2,2,,,,,14.1,True
2026-02-18,3,2,,,,,14.04,True
2026-02-19,4,2,,,,,13.98,True
2026-02-20,5,2,,,,,13.91,True
2026-02-21,6,2,,,,,13.85,True
2026-02-22,7,2,,,,,13.79,True
2026-02-23,1,2,,,День захисника вітчизни,3,13.73,True
2026-02-24,2,2,Річниця вторгнення,3,,,13.67,True
2026-02-25,3,2,,,,,13.61,True
2026-02-26,4,2,,,,,13.54,True
2026-02-27,5,2,,,,,13.48,True
2026-02-28,6,2,,,,,13.42,True
2026-03-01,7,3,,,,,13.36,True
2026-03-02,1,3,,,,,13.29,True
2026-03-03,2,3,,,,,13.23,True
2026-03-04,3,3,,,,,13.16,True
2026-03-05,4,3,,,,,13.1,True
2026-03-06,5,3,,,,,13.04,True
2026-03-07,6,3,,,,,12.97,True
2026-03-08,7,3,8 березня,1,8 березня,1,12.91,True
2026-03-09,1,3,,,,,12.84,True
2026-03-10,2,3,,,,,12.78,True
2026-03-11,3,3,,,,,12.71,True
2026-03-12,4,3,,,,,12.65,True
2026-03-13,5,3,,,,,12.59,True
2026-03-14,6,3,,,,,12.52,True
2026-03-15,7,3,,,,,12.46,True
2026-03-16,1,3,,,,,12.39,True
2026-03-17,2,3,,,,,12.33,True
2026-03-18,3,3,,,,,12.26,True
2026-03-19,4,3,,,,,12.2,True
2026-03-20,5,3,,,,,12.13,True
2026-03-21,6,3,,,,,12.07,True
2026-03-22,7,3,,,,,12.0,True
2026-03-23,1,3,,,,,11.93,True
2026-03-24,2,3,,,,,11.87,True
2026-03-25,3,3,,,,,11.8,True
2026-03-26,4,3,,,,,11.74,True
2026-03-27,5,3,,,,,11.67,True
2026-03-28,6,3,,,,,11.61,True
2026-03-29,7,3,,,,,11.54,True
2026-03-30,1,3,,,,,11.48,True
2026-03-31,2,3,,,,,11.41,True
2026-04-01,3,4,,,,,11.35,True
2026-04-02,4,4,,,,,11.29,True
2026-04-03,5,4,,,,,11.22,True
2026-04-04,6,4,,,,,11.16,True
2026-04-05,7,4,,,,,11.09,True
2026-04-06,1,4,,,,,11.03,True
2026-04-07,2,4,,,,,10.96,True
2026-04-08,3,4,,,,,10.9,True
2026-04-09,4,4,,,,,10.84,True
2026-04-10,5,4,,,,,10.77,True
2026-04-11,6,4,,,,,10.71,True
2026-04-12,7,4,Великдень,3,Пасха (РПЦ),2,10.64,True
2026-04-13,1,4,,,,,10.58,True
2026-04-14,2,4,,,,,10.52,True
2026-04-15,3,4,,,,,10.46,True
2026-04-16,4,4,,,,,10.39,False
2026-04-17,5,4,,,,,10.33,False
2026-04-18,6,4,,,,,10.27,False
2026-04-19,7,4,,,,,10.21,False
2026-04-20,1,4,,,,,10.15,False
2026-04-21,2,4,,,,,10.09,False
2026-04-22,3,4,,,,,10.02,False
2026-04-23,4,4,,,,,9.96,False
2026-04-24,5,4,,,,,9.9,False
2026-04-25,6,4,,,,,9.84,False
2026-04-26,7,4,,,,,9.79,False
2026-04-27,1,4,,,,,9.73,False
2026-04-28,2,4,,,,,9.67,False
2026-04-29,3,4,,,,,9.61,False
2026-04-30,4,4,,,,,9.55,False
2026-05-01,5,5,,,1 травня,1,9.49,False
2026-05-02,6,5,,,,,9.44,False
2026-05-03,7,5,,,,,9.38,False
2026-05-04,1,5,,,,,9.33,False
2026-05-05,2,5,,,,,9.27,False
2026-05-06,3,5,,,,,9.22,False
2026-05-07,4,5,,,,,9.16,False
2026-05-08,5,5,День памʼяті та перемоги,2,,,9.11,False
2026-05-09,6,5,,,День перемоги,3,9.06,False
2026-05-10,7,5,,,,,9.01,False
2026-05-11,1,5,,,,,8.95,False
2026-05-12,2,5,,,,,8.9,False
2026-05-13,3,5,,,,,8.85,False
2026-05-14,4,5,,,,,8.81,False
2026-05-15,5,5,,,,,8.76,False
2026-05-16,6,5,,,,,8.71,False
2026-05-17,7,5,,,,,8.66,False
2026-05-18,1,5,,,,,8.62,False
2026-05-19,2,5,,,,,8.57,False
2026-05-20,3,5,,,,,8.53,False
2026-05-21,4,5,,,,,8.49,False
2026-05-22,5,5,,,,,8.44,False
2026-05-23,6,5,,,,,8.4,False
2026-05-24,7,5,,,,,8.36,False
2026-05-25,1,5,,,,,8.33,False
2026-05-26,2,5,,,,,8.29,False
2026-05-27,3,5,,,,,8.25,False
2026-05-28,4,5,,,,,8.22,False
2026-05-29,5,5,,,,,8.18,False
2026-05-30,6,5,,,,,8.15,False
2026-05-31,7,5,Трійця,1,,,8.12,False
2026-06-01,1,6,,,,,8.09,False
2026-06-02,2,6,,,,,8.06,False
2026-06-03,3,6,,,,,8.03,False
2026-06-04,4,6,,,,,8.0,False
2026-06-05,5,6,,,,,7.98,False
2026-06-06,6,6,,,,,7.96,False
2026-06-07,7,6,,,,,7.93,False
2026-06-08,1,6,,,,,7.91,False
2026-06-09,2,6,,,,,7.89,False
2026-06-10,3,6,,,,,7.88,False
2026-06-11,4,6,,,,,7.86,False
2026-06-12,5,6,,,День росії,2,7.84,False
2026-06-13,6,6,,,,,7.83,False
2026-06-14,7,6,,,,,7.82,False
2026-06-15,1,6,,,,,7.81,False
2026-06-16,2,6,,,,,7.8,False
2026-06-17,3,6,,,,,7.79,False
2026-06-18,4,6,,,,,7.79,False
2026-06-19,5,6,,,,,7.78,False
2026-06-20,6,6,,,,,7.78,False
2026-06-21,7,6,,,,,7.78,False
2026-06-22,1,6,,,,,7.78,False
2026-06-23,2,6,,,,,7.78,False
2026-06-24,3,6,,,,,7.78,False
2026-06-25,4,6,,,,,7.79,False
2026-06-26,5,6,,,,,7.79,False
2026-06-27,6,6,,,,,7.8,False
2026-06-28,7,6,День Конституції,2,,,7.81,False
2026-06-29,1,6,,,,,7.82,False
2026-06-30,2,6,,,,,7.84,False
2026-07-01,3,7,,,,,7.85,False
2026-07-02,4,7,,,,,7.87,False
2026-07-03,5,7,,,,,7.88,False
2026-07-04,6,7,,,,,7.9,False
2026-07-05,7,7,,,,,7.92,False
2026-07-06,1,7,,,,,7.94,False
2026-07-07,2,7,,,,,7.97,False
2026-07-08,3,7,,,,,7.99,False
2026-07-09,4,7,,,,,8.02,False
2026-07-10,5,7,,,,,8.04,False
2026-07-11,6,7,,,,,8.07,False
2026-07-12,7,7,,,,,8.1,False
2026-07-13,1,7,,,,,8.13,False
2026-07-14,2,7,,,,,8.17,False
2026-07-15,3,7,День Державності,2,,,8.2,False
2026-07-16,4,7,,,,,8.23,False
2026-07-17,5,7,,,,,8.27,False
2026-07-18,6,7,,,,,8.31,False
2026-07-19,7,7,,,,,8.35,False
2026-07-20,1,7,,,,,8.38,False
2026-07-21,2,7,,,,,8.42,False
2026-07-22,3,7,,,,,8.47,False
2026-07-23,4,7,,,,,8.51,False
2026-07-24,5,7,,,,,8.55,False
2026-07-25,6,7,,,,,8.6,False
2026-07-26,7,7,,,,,8.64,False
2026-07-27,1,7,,,,,8.69,False
2026-07-28,2,7,,,,,8.73,False
2026-07-29,3,7,,,,,8.78,False
2026-07-30,4,7,,,,,8.83,False
2026-07-31,5,7,,,,,8.88,False
2026-08-01,6,8,,,,,8.93,False
2026-08-02,7,8,,,День ВДВ,1,8.98,False
2026-08-03,1,8,,,,,9.03,False
2026-08-04,2,8,,,,,9.08,False
2026-08-05,3,8,,,,,9.14,False
2026-08-06,4,8,,,,,9.19,False
2026-08-07,5,8,,,,,9.24,False
2026-08-08,6,8,,,,,9.3,False
2026-08-09,7,8,,,,,9.35,False
2026-08-10,1,8,,,,,9.41,False
2026-08-11,2,8,,,,,9.47,False
2026-08-12,3,8,,,,,9.52,False
2026-08-13,4,8,,,,,9.58,False
2026-08-14,5,8,,,,,9.64,False
2026-08-15,6,8,,,,,9.7,False
2026-08-16,7,8,,,,,9.76,False
2026-08-17,1,8,,,,,9.81,False
2026-08-18,2,8,,,,,9.87,False
2026-08-19,3,8,,,,,9.93,False
2026-08-20,4,8,,,,,9.99,False
2026-08-21,5,8,,,,,10.06,False
2026-08-22,6,8,,,,,10.12,False
2026-08-23,7,8,День Прапора,2,,,10.18,False
2026-08-24,1,8,День Незалежності,3,,,10.24,False
2026-08-25,2,8,,,,,10.3,False
2026-08-26,3,8,,,,,10.36,False
2026-08-27,4,8,,,,,10.42,False
2026-08-28,5,8,,,,,10.49,False
2026-08-29,6,8,,,,,10.55,False
2026-08-30,7,8,,,,,10.61,False
2026-08-31,1,8,,,,,10.68,False
2026-09-01,2,9,,,,,10.74,False
2026-09-02,3,9,,,,,10.8,False
2026-09-03,4,9,,,,,10.87,False
2026-09-04,5,9,,,,,10.93,False
2026-09-05,6,9,,,,,11.0,False
2026-09-06,7,9,,,,,11.06,False
2026-09-07,1,9,,,,,11.12,False
2026-09-08,2,9,,,,,11.19,False
2026-09-09,3,9,,,,,11.25,False
2026-09-10,4,9,,,,,11.32,False
2026-09-11,5,9,,,,,11.38,False
2026-09-12,6,9,,,,,11.45,False
2026-09-13,7,9,,,,,11.51,False
2026-09-14,1,9,,,,,11.58,False
2026-09-15,2,9,,,,,11.64,False
2026-09-16,3,9,,,,,11.71,False
2026-09-17,4,9,,,,,11.77,False
2026-09-18,5,9,,,,,11.84,False
2026-09-19,6,9,,,,,11.9,False
2026-09-20,7,9,,,,,11.97,False
2026-09-21,1,9,,,,,12.03,False
2026-09-22,2,9,,,,,12.1,False
2026-09-23,3,9,,,,,12.16,False
2026-09-24,4,9,,,,,12.23,False
2026-09-25,5,9,,,,,12.29,False
2026-09-26,6,9,,,,,12.36,False
2026-09-27,7,9,,,,,12.42,False
2026-09-28,1,9,,,,,12.49,False
2026-09-29,2,9,,,,,12.55,False
2026-09-30,3,9,,,,,12.62,False
2026-10-01,4,10,День захисників і захисниць,2,,,12.68,False
2026-10-02,5,10,,,,,12.75,False
2026-10-03,6,10,,,,,12.81,False
2026-10-04,7,10,,,,,12.88,False
2026-10-05,1,10,,,,,12.94,False
2026-10-06,2,10,,,,,13.0,False
2026-10-07,3,10,,,,,13.07,False
2026-10-08,4,10,,,,,13.13,False
2026-10-09,5,10,,,,,13.2,False
2026-10-10,6,10,,,,,13.26,False
2026-10-11,7,10,,,,,13.32,False
2026-10-12,1,10,,,,,13.39,False
2026-10-13,2,10,,,,,13.45,False
2026-10-14,3,10,,,,,13.51,False
2026-10-15,4,10,,,,,13.58,True
2026-10-16,5,10,,,,,13.64,True
2026-10-17,6,10,,,,,13.7,True
2026-10-18,7,10,,,,,13.76,True
2026-10-19,1,10,,,,,13.82,True
2026-10-20,2,10,,,,,13.88,True
2026-10-21,3,10,,,,,13.94,True
2026-10-22,4,10,,,,,14.01,True
2026-10-23,5,10,,,,,14.07,True
2026-10-24,6,10,,,,,14.13,True
2026-10-25,7,10,,,,,14.19,True
2026-10-26,1,10,,,,,14.24,True
2026-10-27,2,10,,,,,14.3,True
2026-10-28,3,10,,,,,14.36,True
2026-10-29,4,10,,,,,14.42,True
2026-10-30,5,10,,,,,14.48,True
2026-10-31,6,10,,,,,14.53,True
2026-11-01,7,11,,,,,14.59,True
2026-11-02,1,11,,,,,14.65,True
2026-11-03,2,11,,,,,14.7,True
2026-11-04,3,11,,,День єдності,2,14.76,True
2026-11-05,4,11,,,,,14.81,True
2026-11-06,5,11,,,,,14.86,True
2026-11-07,6,11,,,,,14.92,True
2026-11-08,7,11,,,,,14.97,True
2026-11-09,1,11,,,,,15.02,True
2026-11-10,2,11,,,,,15.07,True
2026-11-11,3,11,,,,,15.12,True
2026-11-12,4,11,,,,,15.17,True
2026-11-13,5,11,,,,,15.22,True
2026-11-14,6,11,,,,,15.27,True
2026-11-15,7,11,,,,,15.31,True
2026-11-16,1,11,,,,,15.36,True
2026-11-17,2,11,,,,,15.4,True
2026-11-18,3,11,,,,,15.45,True
2026-11-19,4,11,,,,,15.49,True
2026-11-20,5,11,,,,,15.53,True
2026-11-21,6,11,,,,,15.58,True
2026-11-22,7,11,,,,,15.62,True
2026-11-23,1,11,,,,,15.65,True
2026-11-24,2,11,,,,,15.69,True
2026-11-25,3,11,,,,,15.73,True
2026-11-26,4,11,,,,,15.77,True
2026-11-27,5,11,,,,,15.8,True
2026-11-28,6,11,,,,,15.83,True
2026-11-29,7,11,,,,,15.87,True
2026-11-30,1,11,,,,,15.9,True
2026-12-01,2,12,,,,,15.93,True
2026-12-02,3,12,,,,,15.96,True
2026-12-03,4,12,,,,,15.98,True
2026-12-04,5,12,,,,,16.01,True
2026-12-05,6,12,,,,,16.03,True
2026-12-06,7,12,День Збройних Сил,2,,,16.06,True
2026-12-07,1,12,,,,,16.08,True
2026-12-08,2,12,,,,,16.1,True
2026-12-09,3,12,,,,,16.12,True
2026-12-10,4,12,,,,,16.13,True
2026-12-11,5,12,,,,,16.15,True
2026-12-12,6,12,,,День конституції рф,1,16.16,True
2026-12-13,7,12,,,,,16.18,True
2026-12-14,1,12,,,,,16.19,True
2026-12-15,2,12,,,,,16.2,True
2026-12-16,3,12,,,,,16.21,True
2026-12-17,4,12,,,,,16.21,True
2026-12-18,5,12,,,,,16.22,True
2026-12-19,6,12,,,,,16.22,True
2026-12-20,7,12,,,,,16.22,True
2026-12-21,1,12,,,,,16.22,True
2026-12-22,2,12,,,,,16.22,True
2026-12-23,3,12,,,,,16.22,True
2026-12-24,4,12,,,,,16.21,True
2026-12-25,5,12,Різдво,3,,,16.21,True
2026-12-26,6,12,,,,,16.2,True
2026-12-27,7,12,,,,,16.19,True
2026-12-28,1,12,,,,,16.18,True
2026-12-29,2,12,,,,,16.17,True
2026-12-30,3,12,,,,,16.16,True
2026-12-31,4,12,,,,,16.14,True
2027-01-01,5,1,Новий рік,3,Новий рік,2,16.12,True
2027-01-02,6,1,,,,,16.11,True
2027-01-03,7,1,,,,,16.09,True
2027-01-04,1,1,,,,,16.07,True
2027-01-05,2,1,,,,,16.04,True
2027-01-06,3,1,,,,,16.02,True
2027-01-07,4,1,,,Різдво (РПЦ),2,16.0,True
2027-01-08,5,1,,,,,15.97,True
2027-01-09,6,1,,,,,15.94,True
2027-01-10,7,1,,,,,15.91,True
2027-01-11,1,1,,,,,15.88,True
2027-01-12,2,1,,,,,15.85,True
2027-01-13,3,1,,,,,15.82,True
2027-01-14,4,1,,,,,15.78,True
2027-01-15,5,1,,,,,15.75,True
2027-01-16,6,1,,,,,15.71,True
2027-01-17,7,1,,,,,15.67,True
2027-01-18,1,1,,,,,15.64,True
2027-01-19,2,1,,,,,15.6,True
2027-01-20,3,1,,,,,15.56,True
2027-01-21,4,1,,,,,15.51,True
2027-01-22,5,1,День Соборності,2,,,15.47,True
2027-01-23,6,1,,,,,15.43,True
2027-01-24,7,1,,,,,15.38,True
2027-01-25,1,1,,,,,15.34,True
2027-01-26,2,1,,,,,15.29,True
2027-01-27,3,1,,,,,15.24,True
2027-01-28,4,1,,,,,15.19,True
2027-01-29,5,1,,,,,15.15,True
2027-01-30,6,1,,,,,15.1,True
2027-01-31,7,1,,,,,15.05,True
2027-02-01,1,2,,,,,14.99,True
2027-02-02,2,2,,,,,14.94,True
2027-02-03,3,2,,,,,14.89,True
2027-02-04,4,2,,,,,14.84,True
2027-02-05,5,2,,,,,14.78,True
2027-02-06,6,2,,,,,14.73,True
2027-02-07,7,2,,,,,14.67,True
2027-02-08,1,2,,,,,14.62,True
2027-02-09,2,2,,,,,14.56,True
2027-02-10,3,2,,,,,14.51,True
2027-02-11,4,2,,,,,14.45,True
2027-02-12,5,2,,,,,14.39,True
2027-02-13,6,2,,,,,14.33,True
2027-02-14,7,2,,,,,14.27,True
2027-02-15,1,2,,,,,14.21,True
2027-02-16,2,2,,,,,14.16,True
2027-02-17,3,2,,,,,14.1,True
2027-02-18,4,2,,,,,14.04,True
2027-02-19,5,2,,,,,13.98,True
2027-02-20,6,2,,,,,13.91,True
2027-02-21,7,2,,,,,13.85,True
2027-02-22,1,2,,,,,13.79,True
2027-02-23,2,2,,,День захисника вітчизни,3,13.73,True
2027-02-24,3,2,Річниця вторгнення,3,,,13.67,True
2027-02-25,4,2,,,,,13.61,True
2027-02-26,5,2,,,,,13.54,True
2027-02-27,6,2,,,,,13.48,True
2027-02-28,7,2,,,,,13.42,True
2027-03-01,1,3,,,,,13.36,True
2027-03-02,2,3,,,,,13.29,True
2027-03-03,3,3,,,,,13.23,True
2027-03-04,4,3,,,,,13.16,True
2027-03-05,5,3,,,,,13.1,True
2027-03-06,6,3,,,,,13.04,True
2027-03-07,7,3,,,,,12.97,True
2027-03-08,1,3,8 березня,1,8 березня,1,12.91,True
2027-03-09,2,3,,,,,12.84,True
2027-03-10,3,3,,,,,12.78,True
2027-03-11,4,3,,,,,12.71,True
2027-03-12,5,3,,,,,12.65,True
2027-03-13,6,3,,,,,12.59,True
2027-03-14,7,3,,,,,12.52,True
2027-03-15,1,3,,,,,12.46,True
2027-03-16,2,3,,,,,12.39,True
2027-03-17,3,3,,,,,12.33,True
2027-03-18,4,3,,,,,12.26,True
2027-03-19,5,3,,,,,12.2,True
2027-03-20,6,3,,,,,12.13,True
2027-03-21,7,3,,,,,12.07,True
2027-03-22,1,3,,,,,12.0,True
2027-03-23,2,3,,,,,11.93,True
2027-03-24,3,3,,,,,11.87,True
2027-03-25,4,3,,,,,11.8,True
2027-03-26,5,3,,,,,11.74,True
2027-03-27,6,3,,,,,11.67,True
2027-03-28,7,3,,,,,11.61,True
2027-03-29,1,3,,,,,11.54,True
2027-03-30,2,3,,,,,11.48,True
2027-03-31,3,3,,,,,11.41,True
2027-04-01,4,4,,,,,11.35,True
2027-04-02,5,4,,,,,11.29,True
2027-04-03,6,4,,,,,11.22,True
2027-04-04,7,4,,,,,11.16,True
2027-04-05,1,4,,,,,11.09,True
2027-04-06,2,4,,,,,11.03,True
2027-04-07,3,4,,,,,10.96,True
2027-04-08,4,4,,,,,10.9,True
2027-04-09,5,4,,,,,10.84,True
2027-04-10,6,4,,,,,10.77,True
2027-04-11,7,4,,,,,10.71,True
2027-04-12,1,4,,,День космонавтики,1,10.64,True
2027-04-13,2,4,,,,,10.58,True
2027-04-14,3,4,,,,,10.52,True
2027-04-15,4,4,,,,,10.46,True
2027-04-16,5,4,,,,,10.39,False
2027-04-17,6,4,,,,,10.33,False
2027-04-18,7,4,,,,,10.27,False
2027-04-19,1,4,,,,,10.21,False
2027-04-20,2,4,,,,,10.15,False
2027-04-21,3,4,,,,,10.09,False
2027-04-22,4,4,,,,,10.02,False
2027-04-23,5,4,,,,,9.96,False
2027-04-24,6,4,,,,,9.9,False
2027-04-25,7,4,,,,,9.84,False
2027-04-26,1,4,,,,,9.79,False
2027-04-27,2,4,,,,,9.73,False
2027-04-28,3,4,,,,,9.67,False
2027-04-29,4,4,,,,,9.61,False
2027-04-30,5,4,,,,,9.55,False
2027-05-01,6,5,,,1 травня,1,9.49,False
2027-05-02,7,5,Великдень,3,Пасха (РПЦ),2,9.44,False
2027-05-03,1,5,,,,,9.38,False
2027-05-04,2,5,,,,,9.33,False
2027-05-05,3,5,,,,,9.27,False
2027-05-06,4,5,,,,,9.22,False
2027-05-07,5,5,,,,,9.16,False
2027-05-08,6,5,День памʼяті та перемоги,2,,,9.11,False
2027-05-09,7,5,,,День перемоги,3,9.06,False
2027-05-10,1,5,,,,,9.01,False
2027-05-11,2,5,,,,,8.95,False
2027-05-12,3,5,,,,,8.9,False
2027-05-13,4,5,,,,,8.85,False
2027-05-14,5,5,,,,,8.81,False
2027-05-15,6,5,,,,,8.76,False
2027-05-16,7,5,,,,,8.71,False
2027-05-17,1,5,,,,,8.66,False
2027-05-18,2,5,,,,,8.62,False
2027-05-19,3,5,,,,,8.57,False
2027-05-20,4,5,,,,,8.53,False
2027-05-21,5,5,,,,,8.49,False
2027-05-22,6,5,,,,,8.44,False
2027-05-23,7,5,,,,,8.4,False
2027-05-24,1,5,,,,,8.36,False
2027-05-25,2,5,,,,,8.33,False
2027-05-26,3,5,,,,,8.29,False
2027-05-27,4,5,,,,,8.25,False
2027-05-28,5,5,,,,,8.22,False
2027-05-29,6,5,,,,,8.18,False
2027-05-30,7,5,,,,,8.15,False
2027-05-31,1,5,,,,,8.12,False
2027-06-01,2,6,,,,,8.09,False
2027-06-02,3,6,,,,,8.06,False
2027-06-03,4,6,,,,,8.03,False
2027-06-04,5,6,,,,,8.0,False
2027-06-05,6,6,,,,,7.98,False
2027-06-06,7,6,,,,,7.96,False
2027-06-07,1,6,,,,,7.93,False
2027-06-08,2,6,,,,,7.91,False
2027-06-09,3,6,,,,,7.89,False
2027-06-10,4,6,,,,,7.88,False
2027-06-11,5,6,,,,,7.86,False
2027-06-12,6,6,,,День росії,2,7.84,False
2027-06-13,7,6,,,,,7.83,False
2027-06-14,1,6,,,,,7.82,False
2027-06-15,2,6,,,,,7.81,False
2027-06-16,3,6,,,,,7.8,False
2027-06-17,4,6,,,,,7.79,False
2027-06-18,5,6,,,,,7.79,False
2027-06-19,6,6,,,,,7.78,False
2027-06-20,7,6,Трійця,1,,,7.78,False
2027-06-21,1,6,,,,,7.78,False
2027-06-22,2,6,,,,,7.78,False
2027-06-23,3,6,,,,,7.78,False
2027-06-24,4,6,,,,,7.78,False
2027-06-25,5,6,,,,,7.79,False
2027-06-26,6,6,,,,,7.79,False
2027-06-27,7,6,,,,,7.8,False
2027-06-28,1,6,День Конституції,2,,,7.81,False
2027-06-29,2,6,,,,,7.82,False
2027-06-30,3,6,,,,,7.84,False
2027-07-01,4,7,,,,,7.85,False
2027-07-02,5,7,,,,,7.87,False
2027-07-03,6,7,,,,,7.88,False
2027-07-04,7,7,,,,,7.9,False
2027-07-05,1,7,,,,,7.92,False
2027-07-06,2,7,,,,,7.94,False
2027-07-07,3,7,,,,,7.97,False
2027-07-08,4,7,,,,,7.99,False
2027-07-09,5,7,,,,,8.02,False
2027-07-10,6,7,,,,,8.04,False
2027-07-11,7,7,,,,,8.07,False
2027-07-12,1,7,,,,,8.1,False
2027-07-13,2,7,,,,,8.13,False
2027-07-14,3,7,,,,,8.17,False
2027-07-15,4,7,День Державності,2,,,8.2,False
2027-07-16,5,7,,,,,8.23,False
2027-07-17,6,7,,,,,8.27,False
2027-07-18,7,7,,,,,8.31,False
2027-07-19,1,7,,,,,8.35,False
2027-07-20,2,7,,,,,8.38,False
2027-07-21,3,7,,,,,8.42,False
2027-07-22,4,7,,,,,8.47,False
2027-07-23,5,7,,,,,8.51,False
2027-07-24,6,7,,,,,8.55,False
2027-07-25,7,7,,,,,8.6,False
2027-07-26,1,7,,,,,8.64,False
2027-07-27,2,7,,,,,8.69,False
2027-07-28,3,7,,,,,8.73,False
2027-07-29,4,7,,,,,8.78,False
2027-07-30,5,7,,,,,8.83,False
2027-07-31,6,7,,,,,8.88,False
2027-08-01,7,8,,,,,8.93,False
2027-08-02,1,8,,,День ВДВ,1,8.98,False
2027-08-03,2,8,,,,,9.03,False
2027-08-04,3,8,,,,,9.08,False
2027-08-05,4,8,,,,,9.14,False
2027-08-06,5,8,,,,,9.19,False
2027-08-07,6,8,,,,,9.24,False
2027-08-08,7,8,,,,,9.3,False
2027-08-09,1,8,,,,,9.35,False
2027-08-10,2,8,,,,,9.41,False
2027-08-11,3,8,,,,,9.47,False
2027-08-12,4,8,,,,,9.52,False
2027-08-13,5,8,,,,,9.58,False
2027-08-14,6,8,,,,,9.64,False
2027-08-15,7,8,,,,,9.7,False
2027-08-16,1,8,,,,,9.76,False
2027-08-17,2,8,,,,,9.81,False
2027-08-18,3,8,,,,,9.87,False
2027-08-19,4,8,,,,,9.93,False
2027-08-20,5,8,,,,,9.99,False
2027-08-21,6,8,,,,,10.06,False
2027-08-22,7,8,,,,,10.12,False
2027-08-23,1,8,День Прапора,2,,,10.18,False
2027-08-24,2,8,День Незалежності,3,,,10.24,False
2027-08-25,3,8,,,,,10.3,False
2027-08-26,4,8,,,,,10.36,False
2027-08-27,5,8,,,,,10.42,False
2027-08-28,6,8,,,,,10.49,False
2027-08-29,7,8,,,,,10.55,False
2027-08-30,1,8,,,,,10.61,False
2027-08-31,2,8,,,,,10.68,False
2027-09-01,3,9,,,,,10.74,False
2027-09-02,4,9,,,,,10.8,False
2027-09-03,5,9,,,,,10.87,False
2027-09-04,6,9,,,,,10.93,False
2027-09-05,7,9,,,,,11.0,False
2027-09-06,1,9,,,,,11.06,False
2027-09-07,2,9,,,,,11.12,False
2027-09-08,3,9,,,,,11.19,False
2027-09-09,4,9,,,,,11.25,False
2027-09-10,5,9,,,,,11.32,False
2027-09-11,6,9,,,,,11.38,False
2027-09-12,7,9,,,,,11.45,False
2027-09-13,1,9,,,,,11.51,False
2027-09-14,2,9,,,,,11.58,False
2027-09-15,3,9,,,,,11.64,False
2027-09-16,4,9,,,,,11.71,False
2027-09-17,5,9,,,,,11.77,False
2027-09-18,6,9,,,,,11.84,False
2027-09-19,7,9,,,,,11.9,False
2027-09-20,1,9,,,,,11.97,False
2027-09-21,2,9,,,,,12.03,False
2027-09-22,3,9,,,,,12.1,False
2027-09-23,4,9,,,,,12.16,False
2027-09-24,5,9,,,,,12.23,False
2027-09-25,6,9,,,,,12.29,False
2027-09-26,7,9,,,,,12.36,False
2027-09-27,1,9,,,,,12.42,False
2027-09-28,2,9,,,,,12.49,False
2027-09-29,3,9,,,,,12.55,False
2027-09-30,4,9,,,,,12.62,False
2027-10-01,5,10,День захисників і захисниць,2,,,12.68,False
2027-10-02,6,10,,,,,12.75,False
2027-10-03,7,10,,,,,12.81,False
2027-10-04,1,10,,,,,12.88,False
2027-10-05,2,10,,,,,12.94,False
2027-10-06,3,10,,,,,13.0,False
2027-10-07,4,10,,,,,13.07,False
2027-10-08,5,10,,,,,13.13,False
2027-10-09,6,10,,,,,13.2,False
2027-10-10,7,10,,,,,13.26,False
2027-10-11,1,10,,,,,13.32,False
2027-10-12,2,10,,,,,13.39,False
2027-10-13,3,10,,,,,13.45,False
2027-10-14,4,10,,,,,13.51,False
2027-10-15,5,10,,,,,13.58,True
2027-10-16,6,10,,,,,13.64,True
2027-10-17,7,10,,,,,13.7,True
2027-10-18,1,10,,,,,13.76,True
2027-10-19,2,10,,,,,13.82,True
2027-10-20,3,10,,,,,13.88,True
2027-10-21,4,10,,,,,13.94,True
2027-10-22,5,10,,,,,14.01,True
2027-10-23,6,10,,,,,14.07,True
2027-10-24,7,10,,,,,14.13,True
2027-10-25,1,10,,,,,14.19,True
2027-10-26,2,10,,,,,14.24,True
2027-10-27,3,10,,,,,14.3,True
2027-10-28,4,10,,,,,14.36,True
2027-10-29,5,10,,,,,14.42,True
2027-10-30,6,10,,,,,14.48,True
2027-10-31,7,10,,,,,14.53,True
2027-11-01,1,11,,,,,14.59,True
2027-11-02,2,11,,,,,14.65,True
2027-11-03,3,11,,,,,14.7,True
2027-11-04,4,11,,,День єдності,2,14.76,True
2027-11-05,5,11,,,,,14.81,True
2027-11-06,6,11,,,,,14.86,True
2027-11-07,7,11,,,,,14.92,True
2027-11-08,1,11,,,,,14.97,True
2027-11-09,2,11,,,,,15.02,True
2027-11-10,3,11,,,,,15.07,True
2027-11-11,4,11,,,,,15.12,True
2027-11-12,5,11,,,,,15.17,True
2027-11-13,6,11,,,,,15.22,True
2027-11-14,7,11,,,,,15.27,True
2027-11-15,1,11,,,,,15.31,True
2027-11-16,2,11,,,,,15.36,True
2027-11-17,3,11,,,,,15.4,True
2027-11-18,4,11,,,,,15.45,True
2027-11-19,5,11,,,,,15.49,True
2027-11-20,6,11,,,,,15.53,True
2027-11-21,7,11,,,,,15.58,True
2027-11-22,1,11,,,,,15.62,True
2027-11-23,2,11,,,,,15.65,True
2027-11-24,3,11,,,,,15.69,True
2027-11-25,4,11,,,,,15.73,True
2027-11-26,5,11,,,,,15.77,True
2027-11-27,6,11,,,,,15.8,True
2027-11-28,7,11,,,,,15.83,True
2027-11-29,1,11,,,,,15.87,True
2027-11-30,2,11,,,,,15.9,True
2027-12-01,3,12,,,,,15.93,True
2027-12-02,4,12,,,,,15.96,True
2027-12-03,5,12,,,,,15.98,True
2027-12-04,6,12,,,,,16.01,True
2027-12-05,7,12,,,,,16.03,True
2027-12-06,1,12,День Збройних Сил,2,,,16.06,True
2027-12-07,2,12,,,,,16.08,True
2027-12-08,3,12,,,,,16.1,True
2027-12-09,4,12,,,,,16.12,True
2027-12-10,5,12,,,,,16.13,True
2027-12-11,6,12,,,,,16.15,True
2027-12-12,7,12,,,День конституції рф,1,16.16,True
2027-12-13,1,12,,,,,16.18,True
2027-12-14,2,12,,,,,16.19,True
2027-12-15,3,12,,,,,16.2,True
2027-12-16,4,12,,,,,16.21,True
2027-12-17,5,12,,,,,16.21,True
2027-12-18,6,12,,,,,16.22,True
2027-12-19,7,12,,,,,16.22,True
2027-12-20,1,12,,,,,16.22,True
2027-12-21,2,12,,,,,16.22,True
2027-12-22,3,12,,,,,16.22,True
2027-12-23,4,12,,,,,16.22,True
2027-12-24,5,12,,,,,16.21,True
2027-12-25,6,12,Різдво,3,,,16.21,True
2027-12-26,7,12,,,,,16.2,True
2027-12-27,1,12,,,,,16.19,True
2027-12-28,2,12,,,,,16.18,True
2027-12-29,3,12,,,,,16.17,True
2027-12-30,4,12,,,,,16.16,True
2027-12-31,5,12,,,,,16.14,True
