raid_day,target,issued_at,p,model,members,prior_shift,n_train,horizon
2026-03-01,attacked,2026-09-07T20:56:16.500861+00:00,0.3525,backtest_median_top5,"{""kNN"": 0.7387, ""Decision Tree"": 0.7504, ""Random Forest"": 0.7299, ""LogReg L1 (lasso)"": 0.6771, ""Bagging (дерева)"": 0.7448}",False,729,1
2026-03-01,attacked,2026-09-07T20:56:16.500861+00:00,0.3644,backtest_median_top5,"{""kNN"": 0.7376, ""Random Forest"": 0.6868, ""LogReg L1 (lasso)"": 0.6817, ""LogReg L2 (ridge)"": 0.724, ""Bagging (дерева)"": 0.6899}",False,728,2
2026-03-02,attacked,2026-09-07T20:56:16.500861+00:00,0.3132,backtest_median_top5,"{""kNN"": 0.7387, ""Decision Tree"": 0.7504, ""Random Forest"": 0.7299, ""LogReg L1 (lasso)"": 0.6771, ""Bagging (дерева)"": 0.7448}",False,729,1
2026-03-02,attacked,2026-09-07T20:56:16.500861+00:00,0.2761,backtest_median_top5,"{""kNN"": 0.7376, ""Random Forest"": 0.6868, ""LogReg L1 (lasso)"": 0.6817, ""LogReg L2 (ridge)"": 0.724, ""Bagging (дерева)"": 0.6899}",False,728,2
2026-03-03,attacked,2026-09-07T20:56:16.500861+00:00,0.358,backtest_median_top5,"{""kNN"": 0.7387, ""Decision Tree"": 0.7504, ""Random Forest"": 0.7299, ""LogReg L1 (lasso)"": 0.6771, ""Bagging (дерева)"": 0.7448}",False,729,1
2026-03-03,attacked,2026-09-07T20:56:16.500861+00:00,0.3084,backtest_median_top5,"{""kNN"": 0.7376, ""Random Forest"": 0.6868, ""LogReg L1 (lasso)"": 0.6817, ""LogReg L2 (ridge)"": 0.724, ""Bagging (дерева)"": 0.6899}",False,728,2
2026-03-04,attacked,2026-09-07T20:56:16.500861+00:00,0.3717,backtest_median_top5,"{""kNN"": 0.7387, ""Decision Tree"": 0.7504, ""Random Forest"": 0.7299, ""LogReg L1 (lasso)"": 0.6771, ""Bagging (дерева)"": 0.7448}",False,729,1
2026-03-04,attacked,2026-09-07T20:56:16.500861+00:00,0.3776,backtest_median_top5,"{""kNN"": 0.7376, ""Random Forest"": 0.6868, ""LogReg L1 (lasso)"": 0.6817, ""LogReg L2 (ridge)"": 0.724, ""Bagging (дерева)"": 0.6899}",False,728,2
2026-03-05,attacked,2026-09-07T20:56:16.500861+00:00,0.2826,backtest_median_top5,"{""kNN"": 0.7387, ""Decision Tree"": 0.7504, ""Random Forest"": 0.7299, ""LogReg L1 (lasso)"": 0.6771, ""Bagging (дерева)"": 0.7448}",False,729,1
2026-03-05,attacked,2026-09-07T20:56:16.500861+00:00,0.3024,backtest_median_top5,"{""kNN"": 0.7376, ""Random Forest"": 0.6868, ""LogReg L1 (lasso)"": 0.6817, ""LogReg L2 (ridge)"": 0.724, ""Bagging (дерева)"": 0.6899}",False,728,2
2026-03-06,attacked,2026-09-07T20:56:16.500861+00:00,0.2881,backtest_median_top5,"{""kNN"": 0.7387, ""Decision Tree"": 0.7504, ""Random Forest"": 0.7299, ""LogReg L1 (lasso)"": 0.6771, ""Bagging (дерева)"": 0.7448}",False,729,1
2026-03-06,attacked,2026-09-07T20:56:16.500861+00:00,0.2972,backtest_median_top5,"{""kNN"": 0.7376, ""Random Forest"": 0.6868, ""LogReg L1 (lasso)"": 0.6817, ""LogReg L2 (ridge)"": 0.724, ""Bagging (дерева)"": 0.6899}",False,728,2
2026-03-07,attacked,2026-09-07T20:56:16.500861+00:00,0.3938,backtest_median_top5,"{""kNN"": 0.7387, ""Decision Tree"": 0.7504, ""Random Forest"": 0.7299, ""LogReg L1 (lasso)"": 0.6771, ""Bagging (дерева)"": 0.7448}",False,729,1
2026-03-07,attacked,2026-09-07T20:56:16.500861+00:00,0.2583,backtest_median_top5,"{""kNN"": 0.7376, ""Random Forest"": 0.6868, ""LogReg L1 (lasso)"": 0.6817, ""LogReg L2 (ridge)"": 0.724, ""Bagging (дерева)"": 0.6899}",False,728,2
2026-03-08,attacked,2026-09-07T20:56:16.500861+00:00,0.3802,backtest_median_top5,"{""kNN"": 0.7387, ""Decision Tree"": 0.7504, ""Random Forest"": 0.7299, ""LogReg L1 (lasso)"": 0.6771, ""Bagging (дерева)"": 0.7448}",False,729,1
2026-03-08,attacked,2026-09-07T20:56:16.500861+00:00,0.4068,backtest_median_top5,"{""kNN"": 0.7376, ""Random Forest"": 0.6868, ""LogReg L1 (lasso)"": 0.6817, ""LogReg L2 (ridge)"": 0.724, ""Bagging (дерева)"": 0.6899}",False,728,2
2026-03-09,attacked,2026-09-07T20:56:16.500861+00:00,0.314,backtest_median_top5,"{""kNN"": 0.7387, ""Decision Tree"": 0.7504, ""Random Forest"": 0.7299, ""LogReg L1 (lasso)"": 0.6771, ""Bagging (дерева)"": 0.7448}",False,729,1
2026-03-09,attacked,2026-09-07T20:56:16.500861+00:00,0.2244,backtest_median_top5,"{""kNN"": 0.7376, ""Random Forest"": 0.6868, ""LogReg L1 (lasso)"": 0.6817, ""LogReg L2 (ridge)"": 0.724, ""Bagging (дерева)"": 0.6899}",False,728,2
2026-03-10,attacked,2026-09-07T20:56:16.500861+00:00,0.3437,backtest_median_top5,"{""kNN"": 0.7387, ""Decision Tree"": 0.7504, ""Random Forest"": 0.7299, ""LogReg L1 (lasso)"": 0.6771, ""Bagging (дерева)"": 0.7448}",False,729,1
2026-03-10,attacked,2026-09-07T20:56:16.500861+00:00,0.3531,backtest_median_top5,"{""kNN"": 0.7376, ""Random Forest"": 0.6868, ""LogReg L1 (lasso)"": 0.6817, ""LogReg L2 (ridge)"": 0.724, ""Bagging (дерева)"": 0.6899}",False,728,2
2026-03-11,attacked,2026-09-07T20:56:16.500861+00:00,0.3271,backtest_median_top5,"{""kNN"": 0.7387, ""Decision Tree"": 0.7504, ""Random Forest"": 0.7299, ""LogReg L1 (lasso)"": 0.6771, ""Bagging (дерева)"": 0.7448}",False,729,1
2026-03-11,attacked,2026-09-07T20:56:16.500861+00:00,0.2961,backtest_median_top5,"{""kNN"": 0.7376, ""Random Forest"": 0.6868, ""LogReg L1 (lasso)"": 0.6817, ""LogReg L2 (ridge)"": 0.724, ""Bagging (дерева)"": 0.6899}",False,728,2
2026-03-12,attacked,2026-09-07T20:56:16.500861+00:00,0.3053,backtest_median_top5,"{""kNN"": 0.7387, ""Decision Tree"": 0.7504, ""Random Forest"": 0.7299, ""LogReg L1 (lasso)"": 0.6771, ""Bagging (дерева)"": 0.7448}",False,729,1
2026-03-12,attacked,2026-09-07T20:56:16.500861+00:00,0.2727,backtest_median_top5,"{""kNN"": 0.7376, ""Random Forest"": 0.6868, ""LogReg L1 (lasso)"": 0.6817, ""LogReg L2 (ridge)"": 0.724, ""Bagging (дерева)"": 0.6899}",False,728,2
2026-03-13,attacked,2026-09-07T20:56:16.500861+00:00,0.2975,backtest_median_top5,"{""kNN"": 0.7387, ""Decision Tree"": 0.7504, ""Random Forest"": 0.7299, ""LogReg L1 (lasso)"": 0.6771, ""Bagging (дерева)"": 0.7448}",False,729,1
2026-03-13,attacked,2026-09-07T20:56:16.500861+00:00,0.2562,backtest_median_top5,"{""kNN"": 0.7376, ""Random Forest"": 0.6868, ""LogReg L1 (lasso)"": 0.6817, ""LogReg L2 (ridge)"": 0.724, ""Bagging (дерева)"": 0.6899}",False,728,2
2026-03-14,attacked,2026-09-07T20:56:16.500861+00:00,0.1652,backtest_median_top5,"{""kNN"": 0.7387, ""Decision Tree"": 0.7504, ""Random Forest"": 0.7299, ""LogReg L1 (lasso)"": 0.6771, ""Bagging (дерева)"": 0.7448}",False,729,1
2026-03-14,attacked,2026-09-07T20:56:16.500861+00:00,0.2442,backtest_median_top5,"{""kNN"": 0.7376, ""Random Forest"": 0.6868, ""LogReg L1 (lasso)"": 0.6817, ""LogReg L2 (ridge)"": 0.724, ""Bagging (дерева)"": 0.6899}",False,728,2
2026-03-15,attacked,2026-09-07T20:56:16.500861+00:00,0.1358,backtest_median_top5,"{""kNN"": 0.7387, ""Decision Tree"": 0.7504, ""Random Forest"": 0.7299, ""LogReg L1 (lasso)"": 0.6771, ""Bagging (дерева)"": 0.7448}",False,729,1
2026-03-15,attacked,2026-09-07T20:56:16.500861+00:00,0.2417,backtest_median_top5,"{""kNN"": 0.7376, ""Random Forest"": 0.6868, ""LogReg L1 (lasso)"": 0.6817, ""LogReg L2 (ridge)"": 0.724, ""Bagging (дерева)"": 0.6899}",False,728,2
2026-03-16,attacked,2026-09-07T20:56:16.500861+00:00,0.1636,backtest_median_top5,"{""kNN"": 0.7387, ""Decision Tree"": 0.7504, ""Random Forest"": 0.7299, ""LogReg L1 (lasso)"": 0.6771, ""Bagging (дерева)"": 0.7448}",False,729,1
2026-03-16,attacked,2026-09-07T20:56:16.500861+00:00,0.1413,backtest_median_top5,"{""kNN"": 0.7376, ""Random Forest"": 0.6868, ""LogReg L1 (lasso)"": 0.6817, ""LogReg L2 (ridge)"": 0.724, ""Bagging (дерева)"": 0.6899}",False,728,2
2026-03-17,attacked,2026-09-07T20:56:16.500861+00:00,0.2248,backtest_median_top5,"{""kNN"": 0.7387, ""Decision Tree"": 0.7504, ""Random Forest"": 0.7299, ""LogReg L1 (lasso)"": 0.6771, ""Bagging (дерева)"": 0.7448}",False,729,1
2026-03-17,attacked,2026-09-07T20:56:16.500861+00:00,0.3154,backtest_median_top5,"{""kNN"": 0.7376, ""Random Forest"": 0.6868, ""LogReg L1 (lasso)"": 0.6817, ""LogReg L2 (ridge)"": 0.724, ""Bagging (дерева)"": 0.6899}",False,728,2
2026-03-18,attacked,2026-09-07T20:56:16.500861+00:00,0.3248,backtest_median_top5,"{""kNN"": 0.7387, ""Decision Tree"": 0.7504, ""Random Forest"": 0.7299, ""LogReg L1 (lasso)"": 0.6771, ""Bagging (дерева)"": 0.7448}",False,729,1
2026-03-18,attacked,2026-09-07T20:56:16.500861+00:00,0.2197,backtest_median_top5,"{""kNN"": 0.7376, ""Random Forest"": 0.6868, ""LogReg L1 (lasso)"": 0.6817, ""LogReg L2 (ridge)"": 0.724, ""Bagging (дерева)"": 0.6899}",False,728,2
2026-03-19,attacked,2026-09-07T20:56:16.500861+00:00,0.3859,backtest_median_top5,"{""kNN"": 0.7387, ""Decision Tree"": 0.7504, ""Random Forest"": 0.7299, ""LogReg L1 (lasso)"": 0.6771, ""Bagging (дерева)"": 0.7448}",False,729,1
2026-03-19,attacked,2026-09-07T20:56:16.500861+00:00,0.32,backtest_median_top5,"{""kNN"": 0.7376, ""Random Forest"": 0.6868, ""LogReg L1 (lasso)"": 0.6817, ""LogReg L2 (ridge)"": 0.724, ""Bagging (дерева)"": 0.6899}",False,728,2
2026-03-20,attacked,2026-09-07T20:56:16.500861+00:00,0.3839,backtest_median_top5,"{""kNN"": 0.7387, ""Decision Tree"": 0.7504, ""Random Forest"": 0.7299, ""LogReg L1 (lasso)"": 0.6771, ""Bagging (дерева)"": 0.7448}",False,729,1
2026-03-20,attacked,2026-09-07T20:56:16.500861+00:00,0.2554,backtest_median_top5,"{""kNN"": 0.7376, ""Random Forest"": 0.6868, ""LogReg L1 (lasso)"": 0.6817, ""LogReg L2 (ridge)"": 0.724, ""Bagging (дерева)"": 0.6899}",False,728,2
2026-03-21,attacked,2026-09-07T20:56:16.500861+00:00,0.396,backtest_median_top5,"{""kNN"": 0.7387, ""Decision Tree"": 0.7504, ""Random Forest"": 0.7299, ""LogReg L1 (lasso)"": 0.6771, ""Bagging (дерева)"": 0.7448}",False,729,1
2026-03-21,attacked,2026-09-07T20:56:16.500861+00:00,0.3441,backtest_median_top5,"{""kNN"": 0.7376, ""Random Forest"": 0.6868, ""LogReg L1 (lasso)"": 0.6817, ""LogReg L2 (ridge)"": 0.724, ""Bagging (дерева)"": 0.6899}",False,728,2
2026-03-22,attacked,2026-09-07T20:56:16.500861+00:00,0.4131,backtest_median_top5,"{""kNN"": 0.7387, ""Decision Tree"": 0.7504, ""Random Forest"": 0.7299, ""LogReg L1 (lasso)"": 0.6771, ""Bagging (дерева)"": 0.7448}",False,729,1
2026-03-22,attacked,2026-09-07T20:56:16.500861+00:00,0.2848,backtest_median_top5,"{""kNN"": 0.7376, ""Random Forest"": 0.6868, ""LogReg L1 (lasso)"": 0.6817, ""LogReg L2 (ridge)"": 0.724, ""Bagging (дерева)"": 0.6899}",False,728,2
2026-03-25,attacked,2026-09-07T20:56:16.500861+00:00,0.3949,backtest_median_top5,"{""kNN"": 0.7387, ""Decision Tree"": 0.7504, ""Random Forest"": 0.7299, ""LogReg L1 (lasso)"": 0.6771, ""Bagging (дерева)"": 0.7448}",False,729,1
2026-03-25,attacked,2026-09-07T20:56:16.500861+00:00,0.3559,backtest_median_top5,"{""kNN"": 0.7376, ""Random Forest"": 0.6868, ""LogReg L1 (lasso)"": 0.6817, ""LogReg L2 (ridge)"": 0.724, ""Bagging (дерева)"": 0.6899}",False,728,2
2026-03-26,attacked,2026-09-07T20:56:16.500861+00:00,0.3622,backtest_median_top5,"{""kNN"": 0.7387, ""Decision Tree"": 0.7504, ""Random Forest"": 0.7299, ""LogReg L1 (lasso)"": 0.6771, ""Bagging (дерева)"": 0.7448}",False,729,1
2026-03-26,attacked,2026-09-07T20:56:16.500861+00:00,0.2958,backtest_median_top5,"{""kNN"": 0.7376, ""Random Forest"": 0.6868, ""LogReg L1 (lasso)"": 0.6817, ""LogReg L2 (ridge)"": 0.724, ""Bagging (дерева)"": 0.6899}",False,728,2
2026-03-27,attacked,2026-09-07T20:56:16.500861+00:00,0.2441,backtest_median_top5,"{""kNN"": 0.7387, ""Decision Tree"": 0.7504, ""Random Forest"": 0.7299, ""LogReg L1 (lasso)"": 0.6771, ""Bagging (дерева)"": 0.7448}",False,729,1
2026-03-27,attacked,2026-09-07T20:56:16.500861+00:00,0.2568,backtest_median_top5,"{""kNN"": 0.7376, ""Random Forest"": 0.6868, ""LogReg L1 (lasso)"": 0.6817, ""LogReg L2 (ridge)"": 0.724, ""Bagging (дерева)"": 0.6899}",False,728,2
2026-03-28,attacked,2026-09-07T20:56:16.500861+00:00,0.2581,backtest_median_top5,"{""kNN"": 0.7387, ""Decision Tree"": 0.7504, ""Random Forest"": 0.7299, ""LogReg L1 (lasso)"": 0.6771, ""Bagging (дерева)"": 0.7448}",False,729,1
2026-03-28,attacked,2026-09-07T20:56:16.500861+00:00,0.2223,backtest_median_top5,"{""kNN"": 0.7376, ""Random Forest"": 0.6868, ""LogReg L1 (lasso)"": 0.6817, ""LogReg L2 (ridge)"": 0.724, ""Bagging (дерева)"": 0.6899}",False,728,2
2026-03-29,attacked,2026-09-07T20:56:16.500861+00:00,0.3037,backtest_median_top5,"{""kNN"": 0.7387, ""Decision Tree"": 0.7504, ""Random Forest"": 0.7299, ""LogReg L1 (lasso)"": 0.6771, ""Bagging (дерева)"": 0.7448}",False,729,1
2026-03-29,attacked,2026-09-07T20:56:16.500861+00:00,0.2456,backtest_median_top5,"{""kNN"": 0.7376, ""Random Forest"": 0.6868, ""LogReg L1 (lasso)"": 0.6817, ""LogReg L2 (ridge)"": 0.724, ""Bagging (дерева)"": 0.6899}",False,728,2
2026-03-30,attacked,2026-09-07T20:56:16.500861+00:00,0.2258,backtest_median_top5,"{""kNN"": 0.7387, ""Decision Tree"": 0.7504, ""Random Forest"": 0.7299, ""LogReg L1 (lasso)"": 0.6771, ""Bagging (дерева)"": 0.7448}",False,729,1
2026-03-30,attacked,2026-09-07T20:56:16.500861+00:00,0.3568,backtest_median_top5,"{""kNN"": 0.7376, ""Random Forest"": 0.6868, ""LogReg L1 (lasso)"": 0.6817, ""LogReg L2 (ridge)"": 0.724, ""Bagging (дерева)"": 0.6899}",False,728,2
2026-03-31,attacked,2026-09-07T20:56:16.500861+00:00,0.2087,backtest_median_top5,"{""kNN"": 0.7506, ""Decision Tree"": 0.7486, ""Random Forest"": 0.7228, ""LogReg L1 (lasso)"": 0.6817, ""Bagging (дерева)"": 0.7324}",False,757,1
2026-03-31,attacked,2026-09-07T20:56:16.500861+00:00,0.294,backtest_median_top5,"{""kNN"": 0.7497, ""Random Forest"": 0.6983, ""LogReg L1 (lasso)"": 0.6928, ""LogReg L2 (ridge)"": 0.7472, ""Bagging (дерева)"": 0.7057}",False,756,2
2026-04-01,attacked,2026-09-07T20:56:16.500861+00:00,0.2966,backtest_median_top5,"{""kNN"": 0.7506, ""Decision Tree"": 0.7486, ""Random Forest"": 0.7228, ""LogReg L1 (lasso)"": 0.6817, ""Bagging (дерева)"": 0.7324}",False,757,1
2026-04-01,attacked,2026-09-07T20:56:16.500861+00:00,0.2807,backtest_median_top5,"{""kNN"": 0.7497, ""Random Forest"": 0.6983, ""LogReg L1 (lasso)"": 0.6928, ""LogReg L2 (ridge)"": 0.7472, ""Bagging (дерева)"": 0.7057}",False,756,2
2026-04-02,attacked,2026-09-07T20:56:16.500861+00:00,0.2641,backtest_median_top5,"{""kNN"": 0.7506, ""Decision Tree"": 0.7486, ""Random Forest"": 0.7228, ""LogReg L1 (lasso)"": 0.6817, ""Bagging (дерева)"": 0.7324}",False,757,1
2026-04-02,attacked,2026-09-07T20:56:16.500861+00:00,0.3766,backtest_median_top5,"{""kNN"": 0.7497, ""Random Forest"": 0.6983, ""LogReg L1 (lasso)"": 0.6928, ""LogReg L2 (ridge)"": 0.7472, ""Bagging (дерева)"": 0.7057}",False,756,2
2026-04-03,attacked,2026-09-07T20:56:16.500861+00:00,0.4077,backtest_median_top5,"{""kNN"": 0.7506, ""Decision Tree"": 0.7486, ""Random Forest"": 0.7228, ""LogReg L1 (lasso)"": 0.6817, ""Bagging (дерева)"": 0.7324}",False,757,1
2026-04-03,attacked,2026-09-07T20:56:16.500861+00:00,0.3392,backtest_median_top5,"{""kNN"": 0.7497, ""Random Forest"": 0.6983, ""LogReg L1 (lasso)"": 0.6928, ""LogReg L2 (ridge)"": 0.7472, ""Bagging (дерева)"": 0.7057}",False,756,2
2026-04-04,attacked,2026-09-07T20:56:16.500861+00:00,0.4213,backtest_median_top5,"{""kNN"": 0.7506, ""Decision Tree"": 0.7486, ""Random Forest"": 0.7228, ""LogReg L1 (lasso)"": 0.6817, ""Bagging (дерева)"": 0.7324}",False,757,1
2026-04-04,attacked,2026-09-07T20:56:16.500861+00:00,0.4681,backtest_median_top5,"{""kNN"": 0.7497, ""Random Forest"": 0.6983, ""LogReg L1 (lasso)"": 0.6928, ""LogReg L2 (ridge)"": 0.7472, ""Bagging (дерева)"": 0.7057}",False,756,2
2026-04-05,attacked,2026-09-07T20:56:16.500861+00:00,0.3302,backtest_median_top5,"{""kNN"": 0.7506, ""Decision Tree"": 0.7486, ""Random Forest"": 0.7228, ""LogReg L1 (lasso)"": 0.6817, ""Bagging (дерева)"": 0.7324}",False,757,1
2026-04-05,attacked,2026-09-07T20:56:16.500861+00:00,0.2923,backtest_median_top5,"{""kNN"": 0.7497, ""Random Forest"": 0.6983, ""LogReg L1 (lasso)"": 0.6928, ""LogReg L2 (ridge)"": 0.7472, ""Bagging (дерева)"": 0.7057}",False,756,2
2026-04-06,attacked,2026-09-07T20:56:16.500861+00:00,0.2877,backtest_median_top5,"{""kNN"": 0.7506, ""Decision Tree"": 0.7486, ""Random Forest"": 0.7228, ""LogReg L1 (lasso)"": 0.6817, ""Bagging (дерева)"": 0.7324}",False,757,1
2026-04-06,attacked,2026-09-07T20:56:16.500861+00:00,0.3474,backtest_median_top5,"{""kNN"": 0.7497, ""Random Forest"": 0.6983, ""LogReg L1 (lasso)"": 0.6928, ""LogReg L2 (ridge)"": 0.7472, ""Bagging (дерева)"": 0.7057}",False,756,2
2026-04-07,attacked,2026-09-07T20:56:16.500861+00:00,0.284,backtest_median_top5,"{""kNN"": 0.7506, ""Decision Tree"": 0.7486, ""Random Forest"": 0.7228, ""LogReg L1 (lasso)"": 0.6817, ""Bagging (дерева)"": 0.7324}",False,757,1
2026-04-07,attacked,2026-09-07T20:56:16.500861+00:00,0.3227,backtest_median_top5,"{""kNN"": 0.7497, ""Random Forest"": 0.6983, ""LogReg L1 (lasso)"": 0.6928, ""LogReg L2 (ridge)"": 0.7472, ""Bagging (дерева)"": 0.7057}",False,756,2
2026-04-08,attacked,2026-09-07T20:56:16.500861+00:00,0.2763,backtest_median_top5,"{""kNN"": 0.7506, ""Decision Tree"": 0.7486, ""Random Forest"": 0.7228, ""LogReg L1 (lasso)"": 0.6817, ""Bagging (дерева)"": 0.7324}",False,757,1
2026-04-08,attacked,2026-09-07T20:56:16.500861+00:00,0.2927,backtest_median_top5,"{""kNN"": 0.7497, ""Random Forest"": 0.6983, ""LogReg L1 (lasso)"": 0.6928, ""LogReg L2 (ridge)"": 0.7472, ""Bagging (дерева)"": 0.7057}",False,756,2
2026-04-09,attacked,2026-09-07T20:56:16.500861+00:00,0.2676,backtest_median_top5,"{""kNN"": 0.7506, ""Decision Tree"": 0.7486, ""Random Forest"": 0.7228, ""LogReg L1 (lasso)"": 0.6817, ""Bagging (дерева)"": 0.7324}",False,757,1
2026-04-09,attacked,2026-09-07T20:56:16.500861+00:00,0.2855,backtest_median_top5,"{""kNN"": 0.7497, ""Random Forest"": 0.6983, ""LogReg L1 (lasso)"": 0.6928, ""LogReg L2 (ridge)"": 0.7472, ""Bagging (дерева)"": 0.7057}",False,756,2
2026-04-10,attacked,2026-09-07T20:56:16.500861+00:00,0.286,backtest_median_top5,"{""kNN"": 0.7506, ""Decision Tree"": 0.7486, ""Random Forest"": 0.7228, ""LogReg L1 (lasso)"": 0.6817, ""Bagging (дерева)"": 0.7324}",False,757,1
2026-04-10,attacked,2026-09-07T20:56:16.500861+00:00,0.2977,backtest_median_top5,"{""kNN"": 0.7497, ""Random Forest"": 0.6983, ""LogReg L1 (lasso)"": 0.6928, ""LogReg L2 (ridge)"": 0.7472, ""Bagging (дерева)"": 0.7057}",False,756,2
2026-04-12,attacked,2026-09-07T20:56:16.500861+00:00,0.2817,backtest_median_top5,"{""kNN"": 0.7506, ""Decision Tree"": 0.7486, ""Random Forest"": 0.7228, ""LogReg L1 (lasso)"": 0.6817, ""Bagging (дерева)"": 0.7324}",False,757,1
2026-04-12,attacked,2026-09-07T20:56:16.500861+00:00,0.3146,backtest_median_top5,"{""kNN"": 0.7497, ""Random Forest"": 0.6983, ""LogReg L1 (lasso)"": 0.6928, ""LogReg L2 (ridge)"": 0.7472, ""Bagging (дерева)"": 0.7057}",False,756,2
2026-04-13,attacked,2026-09-07T20:56:16.500861+00:00,0.3137,backtest_median_top5,"{""kNN"": 0.7506, ""Decision Tree"": 0.7486, ""Random Forest"": 0.7228, ""LogReg L1 (lasso)"": 0.6817, ""Bagging (дерева)"": 0.7324}",False,757,1
2026-04-13,attacked,2026-09-07T20:56:16.500861+00:00,0.2603,backtest_median_top5,"{""kNN"": 0.7497, ""Random Forest"": 0.6983, ""LogReg L1 (lasso)"": 0.6928, ""LogReg L2 (ridge)"": 0.7472, ""Bagging (дерева)"": 0.7057}",False,756,2
2026-04-14,attacked,2026-09-07T20:56:16.500861+00:00,0.3135,backtest_median_top5,"{""kNN"": 0.7506, ""Decision Tree"": 0.7486, ""Random Forest"": 0.7228, ""LogReg L1 (lasso)"": 0.6817, ""Bagging (дерева)"": 0.7324}",False,757,1
2026-04-14,attacked,2026-09-07T20:56:16.500861+00:00,0.4478,backtest_median_top5,"{""kNN"": 0.7497, ""Random Forest"": 0.6983, ""LogReg L1 (lasso)"": 0.6928, ""LogReg L2 (ridge)"": 0.7472, ""Bagging (дерева)"": 0.7057}",False,756,2
2026-04-15,attacked,2026-09-07T20:56:16.500861+00:00,0.41,backtest_median_top5,"{""kNN"": 0.7506, ""Decision Tree"": 0.7486, ""Random Forest"": 0.7228, ""LogReg L1 (lasso)"": 0.6817, ""Bagging (дерева)"": 0.7324}",False,757,1
2026-04-15,attacked,2026-09-07T20:56:16.500861+00:00,0.4877,backtest_median_top5,"{""kNN"": 0.7497, ""Random Forest"": 0.6983, ""LogReg L1 (lasso)"": 0.6928, ""LogReg L2 (ridge)"": 0.7472, ""Bagging (дерева)"": 0.7057}",False,756,2
2026-04-16,attacked,2026-09-07T20:56:16.500861+00:00,0.4271,backtest_median_top5,"{""kNN"": 0.7506, ""Decision Tree"": 0.7486, ""Random Forest"": 0.7228, ""LogReg L1 (lasso)"": 0.6817, ""Bagging (дерева)"": 0.7324}",False,757,1
2026-04-16,attacked,2026-09-07T20:56:16.500861+00:00,0.4563,backtest_median_top5,"{""kNN"": 0.7497, ""Random Forest"": 0.6983, ""LogReg L1 (lasso)"": 0.6928, ""LogReg L2 (ridge)"": 0.7472, ""Bagging (дерева)"": 0.7057}",False,756,2
2026-04-17,attacked,2026-09-07T20:56:16.500861+00:00,0.4231,backtest_median_top5,"{""kNN"": 0.7506, ""Decision Tree"": 0.7486, ""Random Forest"": 0.7228, ""LogReg L1 (lasso)"": 0.6817, ""Bagging (дерева)"": 0.7324}",False,757,1
2026-04-17,attacked,2026-09-07T20:56:16.500861+00:00,0.4392,backtest_median_top5,"{""kNN"": 0.7497, ""Random Forest"": 0.6983, ""LogReg L1 (lasso)"": 0.6928, ""LogReg L2 (ridge)"": 0.7472, ""Bagging (дерева)"": 0.7057}",False,756,2
2026-04-18,attacked,2026-09-07T20:56:16.500861+00:00,0.354,backtest_median_top5,"{""kNN"": 0.7506, ""Decision Tree"": 0.7486, ""Random Forest"": 0.7228, ""LogReg L1 (lasso)"": 0.6817, ""Bagging (дерева)"": 0.7324}",False,757,1
2026-04-18,attacked,2026-09-07T20:56:16.500861+00:00,0.3586,backtest_median_top5,"{""kNN"": 0.7497, ""Random Forest"": 0.6983, ""LogReg L1 (lasso)"": 0.6928, ""LogReg L2 (ridge)"": 0.7472, ""Bagging (дерева)"": 0.7057}",False,756,2
2026-04-19,attacked,2026-09-07T20:56:16.500861+00:00,0.3698,backtest_median_top5,"{""kNN"": 0.7506, ""Decision Tree"": 0.7486, ""Random Forest"": 0.7228, ""LogReg L1 (lasso)"": 0.6817, ""Bagging (дерева)"": 0.7324}",False,757,1
2026-04-19,attacked,2026-09-07T20:56:16.500861+00:00,0.4127,backtest_median_top5,"{""kNN"": 0.7497, ""Random Forest"": 0.6983, ""LogReg L1 (lasso)"": 0.6928, ""LogReg L2 (ridge)"": 0.7472, ""Bagging (дерева)"": 0.7057}",False,756,2
2026-04-20,attacked,2026-09-07T20:56:16.500861+00:00,0.4523,backtest_median_top5,"{""kNN"": 0.7506, ""Decision Tree"": 0.7486, ""Random Forest"": 0.7228, ""LogReg L1 (lasso)"": 0.6817, ""Bagging (дерева)"": 0.7324}",False,757,1
2026-04-20,attacked,2026-09-07T20:56:16.500861+00:00,0.4883,backtest_median_top5,"{""kNN"": 0.7497, ""Random Forest"": 0.6983, ""LogReg L1 (lasso)"": 0.6928, ""LogReg L2 (ridge)"": 0.7472, ""Bagging (дерева)"": 0.7057}",False,756,2
2026-04-21,attacked,2026-09-07T20:56:16.500861+00:00,0.4743,backtest_median_top5,"{""kNN"": 0.7506, ""Decision Tree"": 0.7486, ""Random Forest"": 0.7228, ""LogReg L1 (lasso)"": 0.6817, ""Bagging (дерева)"": 0.7324}",False,757,1
2026-04-21,attacked,2026-09-07T20:56:16.500861+00:00,0.4636,backtest_median_top5,"{""kNN"": 0.7497, ""Random Forest"": 0.6983, ""LogReg L1 (lasso)"": 0.6928, ""LogReg L2 (ridge)"": 0.7472, ""Bagging (дерева)"": 0.7057}",False,756,2
2026-04-22,attacked,2026-09-07T20:56:16.500861+00:00,0.4504,backtest_median_top5,"{""kNN"": 0.7506, ""Decision Tree"": 0.7486, ""Random Forest"": 0.7228, ""LogReg L1 (lasso)"": 0.6817, ""Bagging (дерева)"": 0.7324}",False,757,1
2026-04-22,attacked,2026-09-07T20:56:16.500861+00:00,0.4467,backtest_median_top5,"{""kNN"": 0.7497, ""Random Forest"": 0.6983, ""LogReg L1 (lasso)"": 0.6928, ""LogReg L2 (ridge)"": 0.7472, ""Bagging (дерева)"": 0.7057}",False,756,2
2026-04-23,attacked,2026-09-07T20:56:16.500861+00:00,0.4743,backtest_median_top5,"{""kNN"": 0.7506, ""Decision Tree"": 0.7486, ""Random Forest"": 0.7228, ""LogReg L1 (lasso)"": 0.6817, ""Bagging (дерева)"": 0.7324}",False,757,1
2026-04-23,attacked,2026-09-07T20:56:16.500861+00:00,0.4632,backtest_median_top5,"{""kNN"": 0.7497, ""Random Forest"": 0.6983, ""LogReg L1 (lasso)"": 0.6928, ""LogReg L2 (ridge)"": 0.7472, ""Bagging (дерева)"": 0.7057}",False,756,2
2026-04-24,attacked,2026-09-07T20:56:16.500861+00:00,0.4743,backtest_median_top5,"{""kNN"": 0.7506, ""Decision Tree"": 0.7486, ""Random Forest"": 0.7228, ""LogReg L1 (lasso)"": 0.6817, ""Bagging (дерева)"": 0.7324}",False,757,1
2026-04-24,attacked,2026-09-07T20:56:16.500861+00:00,0.4269,backtest_median_top5,"{""kNN"": 0.7497, ""Random Forest"": 0.6983, ""LogReg L1 (lasso)"": 0.6928, ""LogReg L2 (ridge)"": 0.7472, ""Bagging (дерева)"": 0.7057}",False,756,2
2026-04-25,attacked,2026-09-07T20:56:16.500861+00:00,0.4183,backtest_median_top5,"{""kNN"": 0.7506, ""Decision Tree"": 0.7486, ""Random Forest"": 0.7228, ""LogReg L1 (lasso)"": 0.6817, ""Bagging (дерева)"": 0.7324}",False,757,1
2026-04-25,attacked,2026-09-07T20:56:16.500861+00:00,0.467,backtest_median_top5,"{""kNN"": 0.7497, ""Random Forest"": 0.6983, ""LogReg L1 (lasso)"": 0.6928, ""LogReg L2 (ridge)"": 0.7472, ""Bagging (дерева)"": 0.7057}",False,756,2
2026-04-26,attacked,2026-09-07T20:56:16.500861+00:00,0.4428,backtest_median_top5,"{""kNN"": 0.7506, ""Decision Tree"": 0.7486, ""Random Forest"": 0.7228, ""LogReg L1 (lasso)"": 0.6817, ""Bagging (дерева)"": 0.7324}",False,757,1
2026-04-26,attacked,2026-09-07T20:56:16.500861+00:00,0.4034,backtest_median_top5,"{""kNN"": 0.7497, ""Random Forest"": 0.6983, ""LogReg L1 (lasso)"": 0.6928, ""LogReg L2 (ridge)"": 0.7472, ""Bagging (дерева)"": 0.7057}",False,756,2
2026-04-27,attacked,2026-09-07T20:56:16.500861+00:00,0.4462,backtest_median_top5,"{""kNN"": 0.7506, ""Decision Tree"": 0.7486, ""Random Forest"": 0.7228, ""LogReg L1 (lasso)"": 0.6817, ""Bagging (дерева)"": 0.7324}",False,757,1
2026-04-27,attacked,2026-09-07T20:56:16.500861+00:00,0.4135,backtest_median_top5,"{""kNN"": 0.7497, ""Random Forest"": 0.6983, ""LogReg L1 (lasso)"": 0.6928, ""LogReg L2 (ridge)"": 0.7472, ""Bagging (дерева)"": 0.7057}",False,756,2
2026-04-28,attacked,2026-09-07T20:56:16.500861+00:00,0.4507,backtest_median_top5,"{""kNN"": 0.7506, ""Decision Tree"": 0.7486, ""Random Forest"": 0.7228, ""LogReg L1 (lasso)"": 0.6817, ""Bagging (дерева)"": 0.7324}",False,757,1
2026-04-28,attacked,2026-09-07T20:56:16.500861+00:00,0.4014,backtest_median_top5,"{""kNN"": 0.7497, ""Random Forest"": 0.6983, ""LogReg L1 (lasso)"": 0.6928, ""LogReg L2 (ridge)"": 0.7472, ""Bagging (дерева)"": 0.7057}",False,756,2
2026-04-29,attacked,2026-09-07T20:56:16.500861+00:00,0.4634,backtest_median_top5,"{""kNN"": 0.7506, ""Decision Tree"": 0.7486, ""Random Forest"": 0.7228, ""LogReg L1 (lasso)"": 0.6817, ""Bagging (дерева)"": 0.7324}",False,757,1
2026-04-29,attacked,2026-09-07T20:56:16.500861+00:00,0.4125,backtest_median_top5,"{""kNN"": 0.7497, ""Random Forest"": 0.6983, ""LogReg L1 (lasso)"": 0.6928, ""LogReg L2 (ridge)"": 0.7472, ""Bagging (дерева)"": 0.7057}",False,756,2
2026-04-30,attacked,2026-09-07T20:56:16.500861+00:00,0.4813,backtest_median_top5,"{""kNN"": 0.7631, ""Random Forest"": 0.7396, ""LogReg L1 (lasso)"": 0.6813, ""HistGradientBoosting"": 0.7918, ""Bagging (дерева)"": 0.7658}",False,786,1
2026-04-30,attacked,2026-09-07T20:56:16.500861+00:00,0.468,backtest_median_top5,"{""kNN"": 0.7543, ""Random Forest"": 0.708, ""PCA(10) + LogReg"": 0.762, ""LogReg L1 (lasso)"": 0.6828, ""Bagging (дерева)"": 0.72}",False,785,2
2026-05-01,attacked,2026-09-07T20:56:16.500861+00:00,0.4618,backtest_median_top5,"{""kNN"": 0.7631, ""Random Forest"": 0.7396, ""LogReg L1 (lasso)"": 0.6813, ""HistGradientBoosting"": 0.7918, ""Bagging (дерева)"": 0.7658}",False,786,1
2026-05-01,attacked,2026-09-07T20:56:16.500861+00:00,0.4575,backtest_median_top5,"{""kNN"": 0.7543, ""Random Forest"": 0.708, ""PCA(10) + LogReg"": 0.762, ""LogReg L1 (lasso)"": 0.6828, ""Bagging (дерева)"": 0.72}",False,785,2
2026-05-02,attacked,2026-09-07T20:56:16.500861+00:00,0.5032,backtest_median_top5,"{""kNN"": 0.7631, ""Random Forest"": 0.7396, ""LogReg L1 (lasso)"": 0.6813, ""HistGradientBoosting"": 0.7918, ""Bagging (дерева)"": 0.7658}",False,786,1
2026-05-02,attacked,2026-09-07T20:56:16.500861+00:00,0.4599,backtest_median_top5,"{""kNN"": 0.7543, ""Random Forest"": 0.708, ""PCA(10) + LogReg"": 0.762, ""LogReg L1 (lasso)"": 0.6828, ""Bagging (дерева)"": 0.72}",False,785,2
2026-05-03,attacked,2026-09-07T20:56:16.500861+00:00,0.4065,backtest_median_top5,"{""kNN"": 0.7631, ""Random Forest"": 0.7396, ""LogReg L1 (lasso)"": 0.6813, ""HistGradientBoosting"": 0.7918, ""Bagging (дерева)"": 0.7658}",False,786,1
2026-05-03,attacked,2026-09-07T20:56:16.500861+00:00,0.4001,backtest_median_top5,"{""kNN"": 0.7543, ""Random Forest"": 0.708, ""PCA(10) + LogReg"": 0.762, ""LogReg L1 (lasso)"": 0.6828, ""Bagging (дерева)"": 0.72}",False,785,2
2026-05-04,attacked,2026-09-07T20:56:16.500861+00:00,0.4039,backtest_median_top5,"{""kNN"": 0.7631, ""Random Forest"": 0.7396, ""LogReg L1 (lasso)"": 0.6813, ""HistGradientBoosting"": 0.7918, ""Bagging (дерева)"": 0.7658}",False,786,1
2026-05-04,attacked,2026-09-07T20:56:16.500861+00:00,0.4492,backtest_median_top5,"{""kNN"": 0.7543, ""Random Forest"": 0.708, ""PCA(10) + LogReg"": 0.762, ""LogReg L1 (lasso)"": 0.6828, ""Bagging (дерева)"": 0.72}",False,785,2
2026-05-05,attacked,2026-09-07T20:56:16.500861+00:00,0.4485,backtest_median_top5,"{""kNN"": 0.7631, ""Random Forest"": 0.7396, ""LogReg L1 (lasso)"": 0.6813, ""HistGradientBoosting"": 0.7918, ""Bagging (дерева)"": 0.7658}",False,786,1
2026-05-05,attacked,2026-09-07T20:56:16.500861+00:00,0.4556,backtest_median_top5,"{""kNN"": 0.7543, ""Random Forest"": 0.708, ""PCA(10) + LogReg"": 0.762, ""LogReg L1 (lasso)"": 0.6828, ""Bagging (дерева)"": 0.72}",False,785,2
2026-05-06,attacked,2026-09-07T20:56:16.500861+00:00,0.481,backtest_median_top5,"{""kNN"": 0.7631, ""Random Forest"": 0.7396, ""LogReg L1 (lasso)"": 0.6813, ""HistGradientBoosting"": 0.7918, ""Bagging (дерева)"": 0.7658}",False,786,1
2026-05-06,attacked,2026-09-07T20:56:16.500861+00:00,0.4837,backtest_median_top5,"{""kNN"": 0.7543, ""Random Forest"": 0.708, ""PCA(10) + LogReg"": 0.762, ""LogReg L1 (lasso)"": 0.6828, ""Bagging (дерева)"": 0.72}",False,785,2
2026-05-07,attacked,2026-09-07T20:56:16.500861+00:00,0.4803,backtest_median_top5,"{""kNN"": 0.7631, ""Random Forest"": 0.7396, ""LogReg L1 (lasso)"": 0.6813, ""HistGradientBoosting"": 0.7918, ""Bagging (дерева)"": 0.7658}",False,786,1
2026-05-07,attacked,2026-09-07T20:56:16.500861+00:00,0.4914,backtest_median_top5,"{""kNN"": 0.7543, ""Random Forest"": 0.708, ""PCA(10) + LogReg"": 0.762, ""LogReg L1 (lasso)"": 0.6828, ""Bagging (дерева)"": 0.72}",False,785,2
2026-05-08,attacked,2026-09-07T20:56:16.500861+00:00,0.4563,backtest_median_top5,"{""kNN"": 0.7631, ""Random Forest"": 0.7396, ""LogReg L1 (lasso)"": 0.6813, ""HistGradientBoosting"": 0.7918, ""Bagging (дерева)"": 0.7658}",False,786,1
2026-05-08,attacked,2026-09-07T20:56:16.500861+00:00,0.5117,backtest_median_top5,"{""kNN"": 0.7543, ""Random Forest"": 0.708, ""PCA(10) + LogReg"": 0.762, ""LogReg L1 (lasso)"": 0.6828, ""Bagging (дерева)"": 0.72}",False,785,2
2026-05-09,attacked,2026-09-07T20:56:16.500861+00:00,0.4542,backtest_median_top5,"{""kNN"": 0.7631, ""Random Forest"": 0.7396, ""LogReg L1 (lasso)"": 0.6813, ""HistGradientBoosting"": 0.7918, ""Bagging (дерева)"": 0.7658}",False,786,1
2026-05-09,attacked,2026-09-07T20:56:16.500861+00:00,0.4456,backtest_median_top5,"{""kNN"": 0.7543, ""Random Forest"": 0.708, ""PCA(10) + LogReg"": 0.762, ""LogReg L1 (lasso)"": 0.6828, ""Bagging (дерева)"": 0.72}",False,785,2
2026-05-10,attacked,2026-09-07T20:56:16.500861+00:00,0.3764,backtest_median_top5,"{""kNN"": 0.7631, ""Random Forest"": 0.7396, ""LogReg L1 (lasso)"": 0.6813, ""HistGradientBoosting"": 0.7918, ""Bagging (дерева)"": 0.7658}",False,786,1
2026-05-10,attacked,2026-09-07T20:56:16.500861+00:00,0.4385,backtest_median_top5,"{""kNN"": 0.7543, ""Random Forest"": 0.708, ""PCA(10) + LogReg"": 0.762, ""LogReg L1 (lasso)"": 0.6828, ""Bagging (дерева)"": 0.72}",False,785,2
2026-05-11,attacked,2026-09-07T20:56:16.500861+00:00,0.3828,backtest_median_top5,"{""kNN"": 0.7631, ""Random Forest"": 0.7396, ""LogReg L1 (lasso)"": 0.6813, ""HistGradientBoosting"": 0.7918, ""Bagging (дерева)"": 0.7658}",False,786,1
2026-05-11,attacked,2026-09-07T20:56:16.500861+00:00,0.3414,backtest_median_top5,"{""kNN"": 0.7543, ""Random Forest"": 0.708, ""PCA(10) + LogReg"": 0.762, ""LogReg L1 (lasso)"": 0.6828, ""Bagging (дерева)"": 0.72}",False,785,2
2026-05-12,attacked,2026-09-07T20:56:16.500861+00:00,0.3137,backtest_median_top5,"{""kNN"": 0.7631, ""Random Forest"": 0.7396, ""LogReg L1 (lasso)"": 0.6813, ""HistGradientBoosting"": 0.7918, ""Bagging (дерева)"": 0.7658}",False,786,1
2026-05-12,attacked,2026-09-07T20:56:16.500861+00:00,0.3295,backtest_median_top5,"{""kNN"": 0.7543, ""Random Forest"": 0.708, ""PCA(10) + LogReg"": 0.762, ""LogReg L1 (lasso)"": 0.6828, ""Bagging (дерева)"": 0.72}",False,785,2
2026-05-13,attacked,2026-09-07T20:56:16.500861+00:00,0.3928,backtest_median_top5,"{""kNN"": 0.7631, ""Random Forest"": 0.7396, ""LogReg L1 (lasso)"": 0.6813, ""HistGradientBoosting"": 0.7918, ""Bagging (дерева)"": 0.7658}",False,786,1
2026-05-13,attacked,2026-09-07T20:56:16.500861+00:00,0.3134,backtest_median_top5,"{""kNN"": 0.7543, ""Random Forest"": 0.708, ""PCA(10) + LogReg"": 0.762, ""LogReg L1 (lasso)"": 0.6828, ""Bagging (дерева)"": 0.72}",False,785,2
2026-05-14,attacked,2026-09-07T20:56:16.500861+00:00,0.3984,backtest_median_top5,"{""kNN"": 0.7631, ""Random Forest"": 0.7396, ""LogReg L1 (lasso)"": 0.6813, ""HistGradientBoosting"": 0.7918, ""Bagging (дерева)"": 0.7658}",False,786,1
2026-05-14,attacked,2026-09-07T20:56:16.500861+00:00,0.3749,backtest_median_top5,"{""kNN"": 0.7543, ""Random Forest"": 0.708, ""PCA(10) + LogReg"": 0.762, ""LogReg L1 (lasso)"": 0.6828, ""Bagging (дерева)"": 0.72}",False,785,2
2026-05-15,attacked,2026-09-07T20:56:16.500861+00:00,0.4093,backtest_median_top5,"{""kNN"": 0.7631, ""Random Forest"": 0.7396, ""LogReg L1 (lasso)"": 0.6813, ""HistGradientBoosting"": 0.7918, ""Bagging (дерева)"": 0.7658}",False,786,1
2026-05-15,attacked,2026-09-07T20:56:16.500861+00:00,0.4026,backtest_median_top5,"{""kNN"": 0.7543, ""Random Forest"": 0.708, ""PCA(10) + LogReg"": 0.762, ""LogReg L1 (lasso)"": 0.6828, ""Bagging (дерева)"": 0.72}",False,785,2
2026-05-16,attacked,2026-09-07T20:56:16.500861+00:00,0.3516,backtest_median_top5,"{""kNN"": 0.7631, ""Random Forest"": 0.7396, ""LogReg L1 (lasso)"": 0.6813, ""HistGradientBoosting"": 0.7918, ""Bagging (дерева)"": 0.7658}",False,786,1
2026-05-16,attacked,2026-09-07T20:56:16.500861+00:00,0.3992,backtest_median_top5,"{""kNN"": 0.7543, ""Random Forest"": 0.708, ""PCA(10) + LogReg"": 0.762, ""LogReg L1 (lasso)"": 0.6828, ""Bagging (дерева)"": 0.72}",False,785,2
2026-05-17,attacked,2026-09-07T20:56:16.500861+00:00,0.4503,backtest_median_top5,"{""kNN"": 0.7631, ""Random Forest"": 0.7396, ""LogReg L1 (lasso)"": 0.6813, ""HistGradientBoosting"": 0.7918, ""Bagging (дерева)"": 0.7658}",False,786,1
2026-05-17,attacked,2026-09-07T20:56:16.500861+00:00,0.4682,backtest_median_top5,"{""kNN"": 0.7543, ""Random Forest"": 0.708, ""PCA(10) + LogReg"": 0.762, ""LogReg L1 (lasso)"": 0.6828, ""Bagging (дерева)"": 0.72}",False,785,2
2026-05-18,attacked,2026-09-07T20:56:16.500861+00:00,0.4408,backtest_median_top5,"{""kNN"": 0.7631, ""Random Forest"": 0.7396, ""LogReg L1 (lasso)"": 0.6813, ""HistGradientBoosting"": 0.7918, ""Bagging (дерева)"": 0.7658}",False,786,1
2026-05-18,attacked,2026-09-07T20:56:16.500861+00:00,0.4647,backtest_median_top5,"{""kNN"": 0.7543, ""Random Forest"": 0.708, ""PCA(10) + LogReg"": 0.762, ""LogReg L1 (lasso)"": 0.6828, ""Bagging (дерева)"": 0.72}",False,785,2
2026-05-19,attacked,2026-09-07T20:56:16.500861+00:00,0.4491,backtest_median_top5,"{""kNN"": 0.7631, ""Random Forest"": 0.7396, ""LogReg L1 (lasso)"": 0.6813, ""HistGradientBoosting"": 0.7918, ""Bagging (дерева)"": 0.7658}",False,786,1
2026-05-19,attacked,2026-09-07T20:56:16.500861+00:00,0.4955,backtest_median_top5,"{""kNN"": 0.7543, ""Random Forest"": 0.708, ""PCA(10) + LogReg"": 0.762, ""LogReg L1 (lasso)"": 0.6828, ""Bagging (дерева)"": 0.72}",False,785,2
2026-05-20,attacked,2026-09-07T20:56:16.500861+00:00,0.4441,backtest_median_top5,"{""kNN"": 0.7631, ""Random Forest"": 0.7396, ""LogReg L1 (lasso)"": 0.6813, ""HistGradientBoosting"": 0.7918, ""Bagging (дерева)"": 0.7658}",False,786,1
2026-05-20,attacked,2026-09-07T20:56:16.500861+00:00,0.4796,backtest_median_top5,"{""kNN"": 0.7543, ""Random Forest"": 0.708, ""PCA(10) + LogReg"": 0.762, ""LogReg L1 (lasso)"": 0.6828, ""Bagging (дерева)"": 0.72}",False,785,2
2026-05-21,attacked,2026-09-07T20:56:16.500861+00:00,0.4636,backtest_median_top5,"{""kNN"": 0.7631, ""Random Forest"": 0.7396, ""LogReg L1 (lasso)"": 0.6813, ""HistGradientBoosting"": 0.7918, ""Bagging (дерева)"": 0.7658}",False,786,1
2026-05-21,attacked,2026-09-07T20:56:16.500861+00:00,0.4914,backtest_median_top5,"{""kNN"": 0.7543, ""Random Forest"": 0.708, ""PCA(10) + LogReg"": 0.762, ""LogReg L1 (lasso)"": 0.6828, ""Bagging (дерева)"": 0.72}",False,785,2
2026-05-22,attacked,2026-09-07T20:56:16.500861+00:00,0.4451,backtest_median_top5,"{""kNN"": 0.7631, ""Random Forest"": 0.7396, ""LogReg L1 (lasso)"": 0.6813, ""HistGradientBoosting"": 0.7918, ""Bagging (дерева)"": 0.7658}",False,786,1
2026-05-22,attacked,2026-09-07T20:56:16.500861+00:00,0.4563,backtest_median_top5,"{""kNN"": 0.7543, ""Random Forest"": 0.708, ""PCA(10) + LogReg"": 0.762, ""LogReg L1 (lasso)"": 0.6828, ""Bagging (дерева)"": 0.72}",False,785,2
2026-05-23,attacked,2026-09-07T20:56:16.500861+00:00,0.4546,backtest_median_top5,"{""kNN"": 0.7631, ""Random Forest"": 0.7396, ""LogReg L1 (lasso)"": 0.6813, ""HistGradientBoosting"": 0.7918, ""Bagging (дерева)"": 0.7658}",False,786,1
2026-05-23,attacked,2026-09-07T20:56:16.500861+00:00,0.3999,backtest_median_top5,"{""kNN"": 0.7543, ""Random Forest"": 0.708, ""PCA(10) + LogReg"": 0.762, ""LogReg L1 (lasso)"": 0.6828, ""Bagging (дерева)"": 0.72}",False,785,2
2026-05-24,attacked,2026-09-07T20:56:16.500861+00:00,0.4021,backtest_median_top5,"{""kNN"": 0.7631, ""Random Forest"": 0.7396, ""LogReg L1 (lasso)"": 0.6813, ""HistGradientBoosting"": 0.7918, ""Bagging (дерева)"": 0.7658}",False,786,1
2026-05-24,attacked,2026-09-07T20:56:16.500861+00:00,0.4603,backtest_median_top5,"{""kNN"": 0.7543, ""Random Forest"": 0.708, ""PCA(10) + LogReg"": 0.762, ""LogReg L1 (lasso)"": 0.6828, ""Bagging (дерева)"": 0.72}",False,785,2
2026-05-25,attacked,2026-09-07T20:56:16.500861+00:00,0.4022,backtest_median_top5,"{""kNN"": 0.7631, ""Random Forest"": 0.7396, ""LogReg L1 (lasso)"": 0.6813, ""HistGradientBoosting"": 0.7918, ""Bagging (дерева)"": 0.7658}",False,786,1
2026-05-25,attacked,2026-09-07T20:56:16.500861+00:00,0.3115,backtest_median_top5,"{""kNN"": 0.7543, ""Random Forest"": 0.708, ""PCA(10) + LogReg"": 0.762, ""LogReg L1 (lasso)"": 0.6828, ""Bagging (дерева)"": 0.72}",False,785,2
2026-05-26,attacked,2026-09-07T20:56:16.500861+00:00,0.3592,backtest_median_top5,"{""kNN"": 0.7631, ""Random Forest"": 0.7396, ""LogReg L1 (lasso)"": 0.6813, ""HistGradientBoosting"": 0.7918, ""Bagging (дерева)"": 0.7658}",False,786,1
2026-05-26,attacked,2026-09-07T20:56:16.500861+00:00,0.2788,backtest_median_top5,"{""kNN"": 0.7543, ""Random Forest"": 0.708, ""PCA(10) + LogReg"": 0.762, ""LogReg L1 (lasso)"": 0.6828, ""Bagging (дерева)"": 0.72}",False,785,2
2026-05-27,attacked,2026-09-07T20:56:16.500861+00:00,0.3909,backtest_median_top5,"{""kNN"": 0.7631, ""Random Forest"": 0.7396, ""LogReg L1 (lasso)"": 0.6813, ""HistGradientBoosting"": 0.7918, ""Bagging (дерева)"": 0.7658}",False,786,1
2026-05-27,attacked,2026-09-07T20:56:16.500861+00:00,0.3398,backtest_median_top5,"{""kNN"": 0.7543, ""Random Forest"": 0.708, ""PCA(10) + LogReg"": 0.762, ""LogReg L1 (lasso)"": 0.6828, ""Bagging (дерева)"": 0.72}",False,785,2
2026-05-28,attacked,2026-09-07T20:56:16.500861+00:00,0.3645,backtest_median_top5,"{""kNN"": 0.7631, ""Random Forest"": 0.7396, ""LogReg L1 (lasso)"": 0.6813, ""HistGradientBoosting"": 0.7918, ""Bagging (дерева)"": 0.7658}",False,786,1
2026-05-28,attacked,2026-09-07T20:56:16.500861+00:00,0.3158,backtest_median_top5,"{""kNN"": 0.7543, ""Random Forest"": 0.708, ""PCA(10) + LogReg"": 0.762, ""LogReg L1 (lasso)"": 0.6828, ""Bagging (дерева)"": 0.72}",False,785,2
2026-05-29,attacked,2026-09-07T20:56:16.500861+00:00,0.354,backtest_median_top5,"{""kNN"": 0.7631, ""Random Forest"": 0.7396, ""LogReg L1 (lasso)"": 0.6813, ""HistGradientBoosting"": 0.7918, ""Bagging (дерева)"": 0.7658}",False,786,1
2026-05-29,attacked,2026-09-07T20:56:16.500861+00:00,0.2642,backtest_median_top5,"{""kNN"": 0.7543, ""Random Forest"": 0.708, ""PCA(10) + LogReg"": 0.762, ""LogReg L1 (lasso)"": 0.6828, ""Bagging (дерева)"": 0.72}",False,785,2
2026-05-30,attacked,2026-09-07T20:56:16.500861+00:00,0.3513,backtest_median_top5,"{""kNN"": 0.7655, ""Random Forest"": 0.7373, ""LogReg L1 (lasso)"": 0.6857, ""HistGradientBoosting"": 0.8093, ""Bagging (дерева)"": 0.741}",False,816,1
2026-05-30,attacked,2026-09-07T20:56:16.500861+00:00,0.2559,backtest_median_top5,"{""Random Forest"": 0.7005, ""PCA(10) + LogReg"": 0.6865, ""LogReg L1 (lasso)"": 0.6852, ""LogReg L2 (ridge)"": 0.7286, ""Bagging (дерева)"": 0.7092}",False,815,2
2026-05-31,attacked,2026-09-07T20:56:16.500861+00:00,0.2165,backtest_median_top5,"{""kNN"": 0.7655, ""Random Forest"": 0.7373, ""LogReg L1 (lasso)"": 0.6857, ""HistGradientBoosting"": 0.8093, ""Bagging (дерева)"": 0.741}",False,816,1
2026-05-31,attacked,2026-09-07T20:56:16.500861+00:00,0.2532,backtest_median_top5,"{""Random Forest"": 0.7005, ""PCA(10) + LogReg"": 0.6865, ""LogReg L1 (lasso)"": 0.6852, ""LogReg L2 (ridge)"": 0.7286, ""Bagging (дерева)"": 0.7092}",False,815,2
2026-06-01,attacked,2026-09-07T20:56:16.500861+00:00,0.2301,backtest_median_top5,"{""kNN"": 0.7655, ""Random Forest"": 0.7373, ""LogReg L1 (lasso)"": 0.6857, ""HistGradientBoosting"": 0.8093, ""Bagging (дерева)"": 0.741}",False,816,1
2026-06-01,attacked,2026-09-07T20:56:16.500861+00:00,0.2511,backtest_median_top5,"{""Random Forest"": 0.7005, ""PCA(10) + LogReg"": 0.6865, ""LogReg L1 (lasso)"": 0.6852, ""LogReg L2 (ridge)"": 0.7286, ""Bagging (дерева)"": 0.7092}",False,815,2
2026-06-02,attacked,2026-09-07T20:56:16.500861+00:00,0.3099,backtest_median_top5,"{""kNN"": 0.7655, ""Random Forest"": 0.7373, ""LogReg L1 (lasso)"": 0.6857, ""HistGradientBoosting"": 0.8093, ""Bagging (дерева)"": 0.741}",False,816,1
2026-06-02,attacked,2026-09-07T20:56:16.500861+00:00,0.2795,backtest_median_top5,"{""Random Forest"": 0.7005, ""PCA(10) + LogReg"": 0.6865, ""LogReg L1 (lasso)"": 0.6852, ""LogReg L2 (ridge)"": 0.7286, ""Bagging (дерева)"": 0.7092}",False,815,2
2026-06-03,attacked,2026-09-07T20:56:16.500861+00:00,0.317,backtest_median_top5,"{""kNN"": 0.7655, ""Random Forest"": 0.7373, ""LogReg L1 (lasso)"": 0.6857, ""HistGradientBoosting"": 0.8093, ""Bagging (дерева)"": 0.741}",False,816,1
2026-06-03,attacked,2026-09-07T20:56:16.500861+00:00,0.3294,backtest_median_top5,"{""Random Forest"": 0.7005, ""PCA(10) + LogReg"": 0.6865, ""LogReg L1 (lasso)"": 0.6852, ""LogReg L2 (ridge)"": 0.7286, ""Bagging (дерева)"": 0.7092}",False,815,2
2026-06-04,attacked,2026-09-07T20:56:16.500861+00:00,0.315,backtest_median_top5,"{""kNN"": 0.7655, ""Random Forest"": 0.7373, ""LogReg L1 (lasso)"": 0.6857, ""HistGradientBoosting"": 0.8093, ""Bagging (дерева)"": 0.741}",False,816,1
2026-06-04,attacked,2026-09-07T20:56:16.500861+00:00,0.2157,backtest_median_top5,"{""Random Forest"": 0.7005, ""PCA(10) + LogReg"": 0.6865, ""LogReg L1 (lasso)"": 0.6852, ""LogReg L2 (ridge)"": 0.7286, ""Bagging (дерева)"": 0.7092}",False,815,2
2026-06-05,attacked,2026-09-07T20:56:16.500861+00:00,0.3343,backtest_median_top5,"{""kNN"": 0.7655, ""Random Forest"": 0.7373, ""LogReg L1 (lasso)"": 0.6857, ""HistGradientBoosting"": 0.8093, ""Bagging (дерева)"": 0.741}",False,816,1
2026-06-05,attacked,2026-09-07T20:56:16.500861+00:00,0.3362,backtest_median_top5,"{""Random Forest"": 0.7005, ""PCA(10) + LogReg"": 0.6865, ""LogReg L1 (lasso)"": 0.6852, ""LogReg L2 (ridge)"": 0.7286, ""Bagging (дерева)"": 0.7092}",False,815,2
2026-06-06,attacked,2026-09-07T20:56:16.500861+00:00,0.2852,backtest_median_top5,"{""kNN"": 0.7655, ""Random Forest"": 0.7373, ""LogReg L1 (lasso)"": 0.6857, ""HistGradientBoosting"": 0.8093, ""Bagging (дерева)"": 0.741}",False,816,1
2026-06-06,attacked,2026-09-07T20:56:16.500861+00:00,0.2901,backtest_median_top5,"{""Random Forest"": 0.7005, ""PCA(10) + LogReg"": 0.6865, ""LogReg L1 (lasso)"": 0.6852, ""LogReg L2 (ridge)"": 0.7286, ""Bagging (дерева)"": 0.7092}",False,815,2
2026-06-07,attacked,2026-09-07T20:56:16.500861+00:00,0.3118,backtest_median_top5,"{""kNN"": 0.7655, ""Random Forest"": 0.7373, ""LogReg L1 (lasso)"": 0.6857, ""HistGradientBoosting"": 0.8093, ""Bagging (дерева)"": 0.741}",False,816,1
2026-06-07,attacked,2026-09-07T20:56:16.500861+00:00,0.2687,backtest_median_top5,"{""Random Forest"": 0.7005, ""PCA(10) + LogReg"": 0.6865, ""LogReg L1 (lasso)"": 0.6852, ""LogReg L2 (ridge)"": 0.7286, ""Bagging (дерева)"": 0.7092}",False,815,2
2026-06-08,attacked,2026-09-07T20:56:16.500861+00:00,0.2792,backtest_median_top5,"{""kNN"": 0.7655, ""Random Forest"": 0.7373, ""LogReg L1 (lasso)"": 0.6857, ""HistGradientBoosting"": 0.8093, ""Bagging (дерева)"": 0.741}",False,816,1
2026-06-08,attacked,2026-09-07T20:56:16.500861+00:00,0.3106,backtest_median_top5,"{""Random Forest"": 0.7005, ""PCA(10) + LogReg"": 0.6865, ""LogReg L1 (lasso)"": 0.6852, ""LogReg L2 (ridge)"": 0.7286, ""Bagging (дерева)"": 0.7092}",False,815,2
2026-06-09,attacked,2026-09-07T20:56:16.500861+00:00,0.2758,backtest_median_top5,"{""kNN"": 0.7655, ""Random Forest"": 0.7373, ""LogReg L1 (lasso)"": 0.6857, ""HistGradientBoosting"": 0.8093, ""Bagging (дерева)"": 0.741}",False,816,1
2026-06-09,attacked,2026-09-07T20:56:16.500861+00:00,0.2229,backtest_median_top5,"{""Random Forest"": 0.7005, ""PCA(10) + LogReg"": 0.6865, ""LogReg L1 (lasso)"": 0.6852, ""LogReg L2 (ridge)"": 0.7286, ""Bagging (дерева)"": 0.7092}",False,815,2
2026-06-10,attacked,2026-09-07T20:56:16.500861+00:00,0.3968,backtest_median_top5,"{""kNN"": 0.7655, ""Random Forest"": 0.7373, ""LogReg L1 (lasso)"": 0.6857, ""HistGradientBoosting"": 0.8093, ""Bagging (дерева)"": 0.741}",False,816,1
2026-06-10,attacked,2026-09-07T20:56:16.500861+00:00,0.2825,backtest_median_top5,"{""Random Forest"": 0.7005, ""PCA(10) + LogReg"": 0.6865, ""LogReg L1 (lasso)"": 0.6852, ""LogReg L2 (ridge)"": 0.7286, ""Bagging (дерева)"": 0.7092}",False,815,2
2026-06-11,attacked,2026-09-07T20:56:16.500861+00:00,0.3871,backtest_median_top5,"{""kNN"": 0.7655, ""Random Forest"": 0.7373, ""LogReg L1 (lasso)"": 0.6857, ""HistGradientBoosting"": 0.8093, ""Bagging (дерева)"": 0.741}",False,816,1
2026-06-11,attacked,2026-09-07T20:56:16.500861+00:00,0.3608,backtest_median_top5,"{""Random Forest"": 0.7005, ""PCA(10) + LogReg"": 0.6865, ""LogReg L1 (lasso)"": 0.6852, ""LogReg L2 (ridge)"": 0.7286, ""Bagging (дерева)"": 0.7092}",False,815,2
2026-06-12,attacked,2026-09-07T20:56:16.500861+00:00,0.3838,backtest_median_top5,"{""kNN"": 0.7655, ""Random Forest"": 0.7373, ""LogReg L1 (lasso)"": 0.6857, ""HistGradientBoosting"": 0.8093, ""Bagging (дерева)"": 0.741}",False,816,1
2026-06-12,attacked,2026-09-07T20:56:16.500861+00:00,0.3346,backtest_median_top5,"{""Random Forest"": 0.7005, ""PCA(10) + LogReg"": 0.6865, ""LogReg L1 (lasso)"": 0.6852, ""LogReg L2 (ridge)"": 0.7286, ""Bagging (дерева)"": 0.7092}",False,815,2
2026-06-13,attacked,2026-09-07T20:56:16.500861+00:00,0.3628,backtest_median_top5,"{""kNN"": 0.7655, ""Random Forest"": 0.7373, ""LogReg L1 (lasso)"": 0.6857, ""HistGradientBoosting"": 0.8093, ""Bagging (дерева)"": 0.741}",False,816,1
2026-06-13,attacked,2026-09-07T20:56:16.500861+00:00,0.3243,backtest_median_top5,"{""Random Forest"": 0.7005, ""PCA(10) + LogReg"": 0.6865, ""LogReg L1 (lasso)"": 0.6852, ""LogReg L2 (ridge)"": 0.7286, ""Bagging (дерева)"": 0.7092}",False,815,2
2026-06-14,attacked,2026-09-07T20:56:16.500861+00:00,0.3401,backtest_median_top5,"{""kNN"": 0.7655, ""Random Forest"": 0.7373, ""LogReg L1 (lasso)"": 0.6857, ""HistGradientBoosting"": 0.8093, ""Bagging (дерева)"": 0.741}",False,816,1
2026-06-14,attacked,2026-09-07T20:56:16.500861+00:00,0.2945,backtest_median_top5,"{""Random Forest"": 0.7005, ""PCA(10) + LogReg"": 0.6865, ""LogReg L1 (lasso)"": 0.6852, ""LogReg L2 (ridge)"": 0.7286, ""Bagging (дерева)"": 0.7092}",False,815,2
2026-06-15,attacked,2026-09-07T20:56:16.500861+00:00,0.3746,backtest_median_top5,"{""kNN"": 0.7655, ""Random Forest"": 0.7373, ""LogReg L1 (lasso)"": 0.6857, ""HistGradientBoosting"": 0.8093, ""Bagging (дерева)"": 0.741}",False,816,1
2026-06-15,attacked,2026-09-07T20:56:16.500861+00:00,0.2934,backtest_median_top5,"{""Random Forest"": 0.7005, ""PCA(10) + LogReg"": 0.6865, ""LogReg L1 (lasso)"": 0.6852, ""LogReg L2 (ridge)"": 0.7286, ""Bagging (дерева)"": 0.7092}",False,815,2
2026-06-16,attacked,2026-09-07T20:56:16.500861+00:00,0.3417,backtest_median_top5,"{""kNN"": 0.7655, ""Random Forest"": 0.7373, ""LogReg L1 (lasso)"": 0.6857, ""HistGradientBoosting"": 0.8093, ""Bagging (дерева)"": 0.741}",False,816,1
2026-06-16,attacked,2026-09-07T20:56:16.500861+00:00,0.1919,backtest_median_top5,"{""Random Forest"": 0.7005, ""PCA(10) + LogReg"": 0.6865, ""LogReg L1 (lasso)"": 0.6852, ""LogReg L2 (ridge)"": 0.7286, ""Bagging (дерева)"": 0.7092}",False,815,2
2026-06-17,attacked,2026-09-07T20:56:16.500861+00:00,0.3184,backtest_median_top5,"{""kNN"": 0.7655, ""Random Forest"": 0.7373, ""LogReg L1 (lasso)"": 0.6857, ""HistGradientBoosting"": 0.8093, ""Bagging (дерева)"": 0.741}",False,816,1
2026-06-17,attacked,2026-09-07T20:56:16.500861+00:00,0.1854,backtest_median_top5,"{""Random Forest"": 0.7005, ""PCA(10) + LogReg"": 0.6865, ""LogReg L1 (lasso)"": 0.6852, ""LogReg L2 (ridge)"": 0.7286, ""Bagging (дерева)"": 0.7092}",False,815,2
2026-06-18,attacked,2026-09-07T20:56:16.500861+00:00,0.3552,backtest_median_top5,"{""kNN"": 0.7655, ""Random Forest"": 0.7373, ""LogReg L1 (lasso)"": 0.6857, ""HistGradientBoosting"": 0.8093, ""Bagging (дерева)"": 0.741}",False,816,1
2026-06-18,attacked,2026-09-07T20:56:16.500861+00:00,0.1922,backtest_median_top5,"{""Random Forest"": 0.7005, ""PCA(10) + LogReg"": 0.6865, ""LogReg L1 (lasso)"": 0.6852, ""LogReg L2 (ridge)"": 0.7286, ""Bagging (дерева)"": 0.7092}",False,815,2
2026-06-19,attacked,2026-09-07T20:56:16.500861+00:00,0.4203,backtest_median_top5,"{""kNN"": 0.7655, ""Random Forest"": 0.7373, ""LogReg L1 (lasso)"": 0.6857, ""HistGradientBoosting"": 0.8093, ""Bagging (дерева)"": 0.741}",False,816,1
2026-06-19,attacked,2026-09-07T20:56:16.500861+00:00,0.1856,backtest_median_top5,"{""Random Forest"": 0.7005, ""PCA(10) + LogReg"": 0.6865, ""LogReg L1 (lasso)"": 0.6852, ""LogReg L2 (ridge)"": 0.7286, ""Bagging (дерева)"": 0.7092}",False,815,2
2026-06-20,attacked,2026-09-07T20:56:16.500861+00:00,0.3658,backtest_median_top5,"{""kNN"": 0.7655, ""Random Forest"": 0.7373, ""LogReg L1 (lasso)"": 0.6857, ""HistGradientBoosting"": 0.8093, ""Bagging (дерева)"": 0.741}",False,816,1
2026-06-20,attacked,2026-09-07T20:56:16.500861+00:00,0.1961,backtest_median_top5,"{""Random Forest"": 0.7005, ""PCA(10) + LogReg"": 0.6865, ""LogReg L1 (lasso)"": 0.6852, ""LogReg L2 (ridge)"": 0.7286, ""Bagging (дерева)"": 0.7092}",False,815,2
2026-06-21,attacked,2026-09-07T20:56:16.500861+00:00,0.382,backtest_median_top5,"{""kNN"": 0.7655, ""Random Forest"": 0.7373, ""LogReg L1 (lasso)"": 0.6857, ""HistGradientBoosting"": 0.8093, ""Bagging (дерева)"": 0.741}",False,816,1
2026-06-21,attacked,2026-09-07T20:56:16.500861+00:00,0.2014,backtest_median_top5,"{""Random Forest"": 0.7005, ""PCA(10) + LogReg"": 0.6865, ""LogReg L1 (lasso)"": 0.6852, ""LogReg L2 (ridge)"": 0.7286, ""Bagging (дерева)"": 0.7092}",False,815,2
2026-06-22,attacked,2026-09-07T20:56:16.500861+00:00,0.3582,backtest_median_top5,"{""kNN"": 0.7655, ""Random Forest"": 0.7373, ""LogReg L1 (lasso)"": 0.6857, ""HistGradientBoosting"": 0.8093, ""Bagging (дерева)"": 0.741}",False,816,1
2026-06-22,attacked,2026-09-07T20:56:16.500861+00:00,0.205,backtest_median_top5,"{""Random Forest"": 0.7005, ""PCA(10) + LogReg"": 0.6865, ""LogReg L1 (lasso)"": 0.6852, ""LogReg L2 (ridge)"": 0.7286, ""Bagging (дерева)"": 0.7092}",False,815,2
2026-06-23,attacked,2026-09-07T20:56:16.500861+00:00,0.3637,backtest_median_top5,"{""kNN"": 0.7655, ""Random Forest"": 0.7373, ""LogReg L1 (lasso)"": 0.6857, ""HistGradientBoosting"": 0.8093, ""Bagging (дерева)"": 0.741}",False,816,1
2026-06-23,attacked,2026-09-07T20:56:16.500861+00:00,0.2313,backtest_median_top5,"{""Random Forest"": 0.7005, ""PCA(10) + LogReg"": 0.6865, ""LogReg L1 (lasso)"": 0.6852, ""LogReg L2 (ridge)"": 0.7286, ""Bagging (дерева)"": 0.7092}",False,815,2
2026-06-24,attacked,2026-09-07T20:56:16.500861+00:00,0.384,backtest_median_top5,"{""kNN"": 0.7655, ""Random Forest"": 0.7373, ""LogReg L1 (lasso)"": 0.6857, ""HistGradientBoosting"": 0.8093, ""Bagging (дерева)"": 0.741}",False,816,1
2026-06-24,attacked,2026-09-07T20:56:16.500861+00:00,0.2962,backtest_median_top5,"{""Random Forest"": 0.7005, ""PCA(10) + LogReg"": 0.6865, ""LogReg L1 (lasso)"": 0.6852, ""LogReg L2 (ridge)"": 0.7286, ""Bagging (дерева)"": 0.7092}",False,815,2
2026-06-25,attacked,2026-09-07T20:56:16.500861+00:00,0.3641,backtest_median_top5,"{""kNN"": 0.7655, ""Random Forest"": 0.7373, ""LogReg L1 (lasso)"": 0.6857, ""HistGradientBoosting"": 0.8093, ""Bagging (дерева)"": 0.741}",False,816,1
2026-06-25,attacked,2026-09-07T20:56:16.500861+00:00,0.2844,backtest_median_top5,"{""Random Forest"": 0.7005, ""PCA(10) + LogReg"": 0.6865, ""LogReg L1 (lasso)"": 0.6852, ""LogReg L2 (ridge)"": 0.7286, ""Bagging (дерева)"": 0.7092}",False,815,2
2026-06-26,attacked,2026-09-07T20:56:16.500861+00:00,0.3543,backtest_median_top5,"{""kNN"": 0.7655, ""Random Forest"": 0.7373, ""LogReg L1 (lasso)"": 0.6857, ""HistGradientBoosting"": 0.8093, ""Bagging (дерева)"": 0.741}",False,816,1
2026-06-26,attacked,2026-09-07T20:56:16.500861+00:00,0.3059,backtest_median_top5,"{""Random Forest"": 0.7005, ""PCA(10) + LogReg"": 0.6865, ""LogReg L1 (lasso)"": 0.6852, ""LogReg L2 (ridge)"": 0.7286, ""Bagging (дерева)"": 0.7092}",False,815,2
2026-06-27,attacked,2026-09-07T20:56:16.500861+00:00,0.3697,backtest_median_top5,"{""kNN"": 0.7655, ""Random Forest"": 0.7373, ""LogReg L1 (lasso)"": 0.6857, ""HistGradientBoosting"": 0.8093, ""Bagging (дерева)"": 0.741}",False,816,1
2026-06-27,attacked,2026-09-07T20:56:16.500861+00:00,0.2734,backtest_median_top5,"{""Random Forest"": 0.7005, ""PCA(10) + LogReg"": 0.6865, ""LogReg L1 (lasso)"": 0.6852, ""LogReg L2 (ridge)"": 0.7286, ""Bagging (дерева)"": 0.7092}",False,815,2
2026-06-28,attacked,2026-09-07T20:56:16.500861+00:00,0.3632,backtest_median_top5,"{""kNN"": 0.7655, ""Random Forest"": 0.7373, ""LogReg L1 (lasso)"": 0.6857, ""HistGradientBoosting"": 0.8093, ""Bagging (дерева)"": 0.741}",False,816,1
2026-06-28,attacked,2026-09-07T20:56:16.500861+00:00,0.2542,backtest_median_top5,"{""Random Forest"": 0.7005, ""PCA(10) + LogReg"": 0.6865, ""LogReg L1 (lasso)"": 0.6852, ""LogReg L2 (ridge)"": 0.7286, ""Bagging (дерева)"": 0.7092}",False,815,2
2026-06-29,attacked,2026-09-07T20:56:16.500861+00:00,0.3537,backtest_median_top5,"{""kNN"": 0.7698, ""Random Forest"": 0.7307, ""LogReg L1 (lasso)"": 0.6884, ""HistGradientBoosting"": 0.7733, ""Bagging (дерева)"": 0.7378}",False,846,1
2026-06-29,attacked,2026-09-07T20:56:16.500861+00:00,0.4121,backtest_median_top5,"{""kNN"": 0.781, ""Random Forest"": 0.7216, ""PCA(10) + LogReg"": 0.7303, ""LogReg L1 (lasso)"": 0.6931, ""Bagging (дерева)"": 0.7329}",False,845,2
2026-06-30,attacked,2026-09-07T20:56:16.500861+00:00,0.336,backtest_median_top5,"{""kNN"": 0.7698, ""Random Forest"": 0.7307, ""LogReg L1 (lasso)"": 0.6884, ""HistGradientBoosting"": 0.7733, ""Bagging (дерева)"": 0.7378}",False,846,1
2026-06-30,attacked,2026-09-07T20:56:16.500861+00:00,0.3927,backtest_median_top5,"{""kNN"": 0.781, ""Random Forest"": 0.7216, ""PCA(10) + LogReg"": 0.7303, ""LogReg L1 (lasso)"": 0.6931, ""Bagging (дерева)"": 0.7329}",False,845,2
2026-07-01,attacked,2026-09-07T20:56:16.500861+00:00,0.3473,backtest_median_top5,"{""kNN"": 0.7698, ""Random Forest"": 0.7307, ""LogReg L1 (lasso)"": 0.6884, ""HistGradientBoosting"": 0.7733, ""Bagging (дерева)"": 0.7378}",False,846,1
2026-07-01,attacked,2026-09-07T20:56:16.500861+00:00,0.3649,backtest_median_top5,"{""kNN"": 0.781, ""Random Forest"": 0.7216, ""PCA(10) + LogReg"": 0.7303, ""LogReg L1 (lasso)"": 0.6931, ""Bagging (дерева)"": 0.7329}",False,845,2
2026-07-02,attacked,2026-09-07T20:56:16.500861+00:00,0.4831,backtest_median_top5,"{""kNN"": 0.7698, ""Random Forest"": 0.7307, ""LogReg L1 (lasso)"": 0.6884, ""HistGradientBoosting"": 0.7733, ""Bagging (дерева)"": 0.7378}",False,846,1
2026-07-02,attacked,2026-09-07T20:56:16.500861+00:00,0.3289,backtest_median_top5,"{""kNN"": 0.781, ""Random Forest"": 0.7216, ""PCA(10) + LogReg"": 0.7303, ""LogReg L1 (lasso)"": 0.6931, ""Bagging (дерева)"": 0.7329}",False,845,2
2026-07-03,attacked,2026-09-07T20:56:16.500861+00:00,0.4336,backtest_median_top5,"{""kNN"": 0.7698, ""Random Forest"": 0.7307, ""LogReg L1 (lasso)"": 0.6884, ""HistGradientBoosting"": 0.7733, ""Bagging (дерева)"": 0.7378}",False,846,1
2026-07-03,attacked,2026-09-07T20:56:16.500861+00:00,0.4167,backtest_median_top5,"{""kNN"": 0.781, ""Random Forest"": 0.7216, ""PCA(10) + LogReg"": 0.7303, ""LogReg L1 (lasso)"": 0.6931, ""Bagging (дерева)"": 0.7329}",False,845,2
2026-07-04,attacked,2026-09-07T20:56:16.500861+00:00,0.4194,backtest_median_top5,"{""kNN"": 0.7698, ""Random Forest"": 0.7307, ""LogReg L1 (lasso)"": 0.6884, ""HistGradientBoosting"": 0.7733, ""Bagging (дерева)"": 0.7378}",False,846,1
2026-07-04,attacked,2026-09-07T20:56:16.500861+00:00,0.377,backtest_median_top5,"{""kNN"": 0.781, ""Random Forest"": 0.7216, ""PCA(10) + LogReg"": 0.7303, ""LogReg L1 (lasso)"": 0.6931, ""Bagging (дерева)"": 0.7329}",False,845,2
2026-07-05,attacked,2026-09-07T20:56:16.500861+00:00,0.4619,backtest_median_top5,"{""kNN"": 0.7698, ""Random Forest"": 0.7307, ""LogReg L1 (lasso)"": 0.6884, ""HistGradientBoosting"": 0.7733, ""Bagging (дерева)"": 0.7378}",False,846,1
2026-07-05,attacked,2026-09-07T20:56:16.500861+00:00,0.4109,backtest_median_top5,"{""kNN"": 0.781, ""Random Forest"": 0.7216, ""PCA(10) + LogReg"": 0.7303, ""LogReg L1 (lasso)"": 0.6931, ""Bagging (дерева)"": 0.7329}",False,845,2
2026-07-06,attacked,2026-09-07T20:56:16.500861+00:00,0.4118,backtest_median_top5,"{""kNN"": 0.7698, ""Random Forest"": 0.7307, ""LogReg L1 (lasso)"": 0.6884, ""HistGradientBoosting"": 0.7733, ""Bagging (дерева)"": 0.7378}",False,846,1
2026-07-06,attacked,2026-09-07T20:56:16.500861+00:00,0.4184,backtest_median_top5,"{""kNN"": 0.781, ""Random Forest"": 0.7216, ""PCA(10) + LogReg"": 0.7303, ""LogReg L1 (lasso)"": 0.6931, ""Bagging (дерева)"": 0.7329}",False,845,2
2026-07-07,attacked,2026-09-07T20:56:16.500861+00:00,0.435,backtest_median_top5,"{""kNN"": 0.7698, ""Random Forest"": 0.7307, ""LogReg L1 (lasso)"": 0.6884, ""HistGradientBoosting"": 0.7733, ""Bagging (дерева)"": 0.7378}",False,846,1
2026-07-07,attacked,2026-09-07T20:56:16.500861+00:00,0.3896,backtest_median_top5,"{""kNN"": 0.781, ""Random Forest"": 0.7216, ""PCA(10) + LogReg"": 0.7303, ""LogReg L1 (lasso)"": 0.6931, ""Bagging (дерева)"": 0.7329}",False,845,2
2026-07-08,attacked,2026-09-07T20:56:16.500861+00:00,0.4144,backtest_median_top5,"{""kNN"": 0.7698, ""Random Forest"": 0.7307, ""LogReg L1 (lasso)"": 0.6884, ""HistGradientBoosting"": 0.7733, ""Bagging (дерева)"": 0.7378}",False,846,1
2026-07-08,attacked,2026-09-07T20:56:16.500861+00:00,0.3824,backtest_median_top5,"{""kNN"": 0.781, ""Random Forest"": 0.7216, ""PCA(10) + LogReg"": 0.7303, ""LogReg L1 (lasso)"": 0.6931, ""Bagging (дерева)"": 0.7329}",False,845,2
2026-07-09,attacked,2026-09-07T20:56:16.500861+00:00,0.3742,backtest_median_top5,"{""kNN"": 0.7698, ""Random Forest"": 0.7307, ""LogReg L1 (lasso)"": 0.6884, ""HistGradientBoosting"": 0.7733, ""Bagging (дерева)"": 0.7378}",False,846,1
2026-07-09,attacked,2026-09-07T20:56:16.500861+00:00,0.4501,backtest_median_top5,"{""kNN"": 0.781, ""Random Forest"": 0.7216, ""PCA(10) + LogReg"": 0.7303, ""LogReg L1 (lasso)"": 0.6931, ""Bagging (дерева)"": 0.7329}",False,845,2
2026-07-10,attacked,2026-09-07T20:56:16.500861+00:00,0.3983,backtest_median_top5,"{""kNN"": 0.7698, ""Random Forest"": 0.7307, ""LogReg L1 (lasso)"": 0.6884, ""HistGradientBoosting"": 0.7733, ""Bagging (дерева)"": 0.7378}",False,846,1
2026-07-10,attacked,2026-09-07T20:56:16.500861+00:00,0.4377,backtest_median_top5,"{""kNN"": 0.781, ""Random Forest"": 0.7216, ""PCA(10) + LogReg"": 0.7303, ""LogReg L1 (lasso)"": 0.6931, ""Bagging (дерева)"": 0.7329}",False,845,2
2026-07-11,attacked,2026-09-07T20:56:16.500861+00:00,0.3712,backtest_median_top5,"{""kNN"": 0.7698, ""Random Forest"": 0.7307, ""LogReg L1 (lasso)"": 0.6884, ""HistGradientBoosting"": 0.7733, ""Bagging (дерева)"": 0.7378}",False,846,1
2026-07-11,attacked,2026-09-07T20:56:16.500861+00:00,0.376,backtest_median_top5,"{""kNN"": 0.781, ""Random Forest"": 0.7216, ""PCA(10) + LogReg"": 0.7303, ""LogReg L1 (lasso)"": 0.6931, ""Bagging (дерева)"": 0.7329}",False,845,2
2026-07-12,attacked,2026-09-07T20:56:16.500861+00:00,0.3699,backtest_median_top5,"{""kNN"": 0.7698, ""Random Forest"": 0.7307, ""LogReg L1 (lasso)"": 0.6884, ""HistGradientBoosting"": 0.7733, ""Bagging (дерева)"": 0.7378}",False,846,1
2026-07-12,attacked,2026-09-07T20:56:16.500861+00:00,0.3923,backtest_median_top5,"{""kNN"": 0.781, ""Random Forest"": 0.7216, ""PCA(10) + LogReg"": 0.7303, ""LogReg L1 (lasso)"": 0.6931, ""Bagging (дерева)"": 0.7329}",False,845,2
2026-07-13,attacked,2026-09-07T20:56:16.500861+00:00,0.38,backtest_median_top5,"{""kNN"": 0.7698, ""Random Forest"": 0.7307, ""LogReg L1 (lasso)"": 0.6884, ""HistGradientBoosting"": 0.7733, ""Bagging (дерева)"": 0.7378}",False,846,1
2026-07-13,attacked,2026-09-07T20:56:16.500861+00:00,0.3899,backtest_median_top5,"{""kNN"": 0.781, ""Random Forest"": 0.7216, ""PCA(10) + LogReg"": 0.7303, ""LogReg L1 (lasso)"": 0.6931, ""Bagging (дерева)"": 0.7329}",False,845,2
2026-07-14,attacked,2026-09-07T20:56:16.500861+00:00,0.3598,backtest_median_top5,"{""kNN"": 0.7698, ""Random Forest"": 0.7307, ""LogReg L1 (lasso)"": 0.6884, ""HistGradientBoosting"": 0.7733, ""Bagging (дерева)"": 0.7378}",False,846,1
2026-07-14,attacked,2026-09-07T20:56:16.500861+00:00,0.3869,backtest_median_top5,"{""kNN"": 0.781, ""Random Forest"": 0.7216, ""PCA(10) + LogReg"": 0.7303, ""LogReg L1 (lasso)"": 0.6931, ""Bagging (дерева)"": 0.7329}",False,845,2
2026-07-15,attacked,2026-09-07T20:56:16.500861+00:00,0.3854,backtest_median_top5,"{""kNN"": 0.7698, ""Random Forest"": 0.7307, ""LogReg L1 (lasso)"": 0.6884, ""HistGradientBoosting"": 0.7733, ""Bagging (дерева)"": 0.7378}",False,846,1
2026-07-15,attacked,2026-09-07T20:56:16.500861+00:00,0.406,backtest_median_top5,"{""kNN"": 0.781, ""Random Forest"": 0.7216, ""PCA(10) + LogReg"": 0.7303, ""LogReg L1 (lasso)"": 0.6931, ""Bagging (дерева)"": 0.7329}",False,845,2
2026-07-16,attacked,2026-09-07T20:56:16.500861+00:00,0.3759,backtest_median_top5,"{""kNN"": 0.7698, ""Random Forest"": 0.7307, ""LogReg L1 (lasso)"": 0.6884, ""HistGradientBoosting"": 0.7733, ""Bagging (дерева)"": 0.7378}",False,846,1
2026-07-16,attacked,2026-09-07T20:56:16.500861+00:00,0.3583,backtest_median_top5,"{""kNN"": 0.781, ""Random Forest"": 0.7216, ""PCA(10) + LogReg"": 0.7303, ""LogReg L1 (lasso)"": 0.6931, ""Bagging (дерева)"": 0.7329}",False,845,2
2026-07-17,attacked,2026-09-07T20:56:16.500861+00:00,0.4284,backtest_median_top5,"{""kNN"": 0.7698, ""Random Forest"": 0.7307, ""LogReg L1 (lasso)"": 0.6884, ""HistGradientBoosting"": 0.7733, ""Bagging (дерева)"": 0.7378}",False,846,1
2026-07-17,attacked,2026-09-07T20:56:16.500861+00:00,0.4328,backtest_median_top5,"{""kNN"": 0.781, ""Random Forest"": 0.7216, ""PCA(10) + LogReg"": 0.7303, ""LogReg L1 (lasso)"": 0.6931, ""Bagging (дерева)"": 0.7329}",False,845,2
2026-07-18,attacked,2026-09-07T20:56:16.500861+00:00,0.3581,backtest_median_top5,"{""kNN"": 0.7698, ""Random Forest"": 0.7307, ""LogReg L1 (lasso)"": 0.6884, ""HistGradientBoosting"": 0.7733, ""Bagging (дерева)"": 0.7378}",False,846,1
2026-07-18,attacked,2026-09-07T20:56:16.500861+00:00,0.3913,backtest_median_top5,"{""kNN"": 0.781, ""Random Forest"": 0.7216, ""PCA(10) + LogReg"": 0.7303, ""LogReg L1 (lasso)"": 0.6931, ""Bagging (дерева)"": 0.7329}",False,845,2
2026-07-19,attacked,2026-09-07T20:56:16.500861+00:00,0.342,backtest_median_top5,"{""kNN"": 0.7698, ""Random Forest"": 0.7307, ""LogReg L1 (lasso)"": 0.6884, ""HistGradientBoosting"": 0.7733, ""Bagging (дерева)"": 0.7378}",False,846,1
2026-07-19,attacked,2026-09-07T20:56:16.500861+00:00,0.4079,backtest_median_top5,"{""kNN"": 0.781, ""Random Forest"": 0.7216, ""PCA(10) + LogReg"": 0.7303, ""LogReg L1 (lasso)"": 0.6931, ""Bagging (дерева)"": 0.7329}",False,845,2
2026-07-20,attacked,2026-09-07T20:56:16.500861+00:00,0.3665,backtest_median_top5,"{""kNN"": 0.7698, ""Random Forest"": 0.7307, ""LogReg L1 (lasso)"": 0.6884, ""HistGradientBoosting"": 0.7733, ""Bagging (дерева)"": 0.7378}",False,846,1
2026-07-20,attacked,2026-09-07T20:56:16.500861+00:00,0.415,backtest_median_top5,"{""kNN"": 0.781, ""Random Forest"": 0.7216, ""PCA(10) + LogReg"": 0.7303, ""LogReg L1 (lasso)"": 0.6931, ""Bagging (дерева)"": 0.7329}",False,845,2
2026-07-21,attacked,2026-09-07T20:56:16.500861+00:00,0.3365,backtest_median_top5,"{""kNN"": 0.7698, ""Random Forest"": 0.7307, ""LogReg L1 (lasso)"": 0.6884, ""HistGradientBoosting"": 0.7733, ""Bagging (дерева)"": 0.7378}",False,846,1
2026-07-21,attacked,2026-09-07T20:56:16.500861+00:00,0.361,backtest_median_top5,"{""kNN"": 0.781, ""Random Forest"": 0.7216, ""PCA(10) + LogReg"": 0.7303, ""LogReg L1 (lasso)"": 0.6931, ""Bagging (дерева)"": 0.7329}",False,845,2
2026-07-22,attacked,2026-09-07T20:56:16.500861+00:00,0.3403,backtest_median_top5,"{""kNN"": 0.7698, ""Random Forest"": 0.7307, ""LogReg L1 (lasso)"": 0.6884, ""HistGradientBoosting"": 0.7733, ""Bagging (дерева)"": 0.7378}",False,846,1
2026-07-22,attacked,2026-09-07T20:56:16.500861+00:00,0.3403,backtest_median_top5,"{""kNN"": 0.781, ""Random Forest"": 0.7216, ""PCA(10) + LogReg"": 0.7303, ""LogReg L1 (lasso)"": 0.6931, ""Bagging (дерева)"": 0.7329}",False,845,2
2026-07-23,attacked,2026-09-07T20:56:16.500861+00:00,0.3807,backtest_median_top5,"{""kNN"": 0.7698, ""Random Forest"": 0.7307, ""LogReg L1 (lasso)"": 0.6884, ""HistGradientBoosting"": 0.7733, ""Bagging (дерева)"": 0.7378}",False,846,1
2026-07-23,attacked,2026-09-07T20:56:16.500861+00:00,0.4199,backtest_median_top5,"{""kNN"": 0.781, ""Random Forest"": 0.7216, ""PCA(10) + LogReg"": 0.7303, ""LogReg L1 (lasso)"": 0.6931, ""Bagging (дерева)"": 0.7329}",False,845,2
2026-07-24,attacked,2026-09-07T20:56:16.500861+00:00,0.31,backtest_median_top5,"{""kNN"": 0.7698, ""Random Forest"": 0.7307, ""LogReg L1 (lasso)"": 0.6884, ""HistGradientBoosting"": 0.7733, ""Bagging (дерева)"": 0.7378}",False,846,1
2026-07-24,attacked,2026-09-07T20:56:16.500861+00:00,0.3522,backtest_median_top5,"{""kNN"": 0.781, ""Random Forest"": 0.7216, ""PCA(10) + LogReg"": 0.7303, ""LogReg L1 (lasso)"": 0.6931, ""Bagging (дерева)"": 0.7329}",False,845,2
2026-07-25,attacked,2026-09-07T20:56:16.500861+00:00,0.3214,backtest_median_top5,"{""kNN"": 0.7698, ""Random Forest"": 0.7307, ""LogReg L1 (lasso)"": 0.6884, ""HistGradientBoosting"": 0.7733, ""Bagging (дерева)"": 0.7378}",False,846,1
2026-07-25,attacked,2026-09-07T20:56:16.500861+00:00,0.3417,backtest_median_top5,"{""kNN"": 0.781, ""Random Forest"": 0.7216, ""PCA(10) + LogReg"": 0.7303, ""LogReg L1 (lasso)"": 0.6931, ""Bagging (дерева)"": 0.7329}",False,845,2
2026-07-26,attacked,2026-09-07T20:56:16.500861+00:00,0.3293,backtest_median_top5,"{""kNN"": 0.7698, ""Random Forest"": 0.7307, ""LogReg L1 (lasso)"": 0.6884, ""HistGradientBoosting"": 0.7733, ""Bagging (дерева)"": 0.7378}",False,846,1
2026-07-26,attacked,2026-09-07T20:56:16.500861+00:00,0.3637,backtest_median_top5,"{""kNN"": 0.781, ""Random Forest"": 0.7216, ""PCA(10) + LogReg"": 0.7303, ""LogReg L1 (lasso)"": 0.6931, ""Bagging (дерева)"": 0.7329}",False,845,2
2026-07-27,attacked,2026-09-07T20:56:16.500861+00:00,0.3446,backtest_median_top5,"{""kNN"": 0.7698, ""Random Forest"": 0.7307, ""LogReg L1 (lasso)"": 0.6884, ""HistGradientBoosting"": 0.7733, ""Bagging (дерева)"": 0.7378}",False,846,1
2026-07-27,attacked,2026-09-07T20:56:16.500861+00:00,0.3817,backtest_median_top5,"{""kNN"": 0.781, ""Random Forest"": 0.7216, ""PCA(10) + LogReg"": 0.7303, ""LogReg L1 (lasso)"": 0.6931, ""Bagging (дерева)"": 0.7329}",False,845,2
2026-07-28,attacked,2026-09-07T20:56:16.500861+00:00,0.3452,backtest_median_top5,"{""kNN"": 0.7698, ""Random Forest"": 0.7307, ""LogReg L1 (lasso)"": 0.6884, ""HistGradientBoosting"": 0.7733, ""Bagging (дерева)"": 0.7378}",False,846,1
2026-07-28,attacked,2026-09-07T20:56:16.500861+00:00,0.3618,backtest_median_top5,"{""kNN"": 0.781, ""Random Forest"": 0.7216, ""PCA(10) + LogReg"": 0.7303, ""LogReg L1 (lasso)"": 0.6931, ""Bagging (дерева)"": 0.7329}",False,845,2
2026-07-29,attacked,2026-09-07T20:56:16.500861+00:00,0.4024,backtest_median_top5,"{""kNN"": 0.7759, ""Random Forest"": 0.7449, ""LogReg L1 (lasso)"": 0.6927, ""HistGradientBoosting"": 0.8049, ""Bagging (дерева)"": 0.7487}",False,876,1
2026-07-29,attacked,2026-09-07T20:56:16.500861+00:00,0.4188,backtest_median_top5,"{""Random Forest"": 0.7308, ""PCA(10) + LogReg"": 0.7279, ""LogReg L1 (lasso)"": 0.6928, ""LogReg L2 (ridge)"": 0.7774, ""Bagging (дерева)"": 0.7336}",False,875,2
2026-07-30,attacked,2026-09-07T20:56:16.500861+00:00,0.3107,backtest_median_top5,"{""kNN"": 0.7759, ""Random Forest"": 0.7449, ""LogReg L1 (lasso)"": 0.6927, ""HistGradientBoosting"": 0.8049, ""Bagging (дерева)"": 0.7487}",False,876,1
2026-07-30,attacked,2026-09-07T20:56:16.500861+00:00,0.379,backtest_median_top5,"{""Random Forest"": 0.7308, ""PCA(10) + LogReg"": 0.7279, ""LogReg L1 (lasso)"": 0.6928, ""LogReg L2 (ridge)"": 0.7774, ""Bagging (дерева)"": 0.7336}",False,875,2
2026-07-31,attacked,2026-09-07T20:56:16.500861+00:00,0.3888,backtest_median_top5,"{""kNN"": 0.7759, ""Random Forest"": 0.7449, ""LogReg L1 (lasso)"": 0.6927, ""HistGradientBoosting"": 0.8049, ""Bagging (дерева)"": 0.7487}",False,876,1
2026-07-31,attacked,2026-09-07T20:56:16.500861+00:00,0.3789,backtest_median_top5,"{""Random Forest"": 0.7308, ""PCA(10) + LogReg"": 0.7279, ""LogReg L1 (lasso)"": 0.6928, ""LogReg L2 (ridge)"": 0.7774, ""Bagging (дерева)"": 0.7336}",False,875,2
2026-08-01,attacked,2026-09-07T20:56:16.500861+00:00,0.3504,backtest_median_top5,"{""kNN"": 0.7759, ""Random Forest"": 0.7449, ""LogReg L1 (lasso)"": 0.6927, ""HistGradientBoosting"": 0.8049, ""Bagging (дерева)"": 0.7487}",False,876,1
2026-08-01,attacked,2026-09-07T20:56:16.500861+00:00,0.4031,backtest_median_top5,"{""Random Forest"": 0.7308, ""PCA(10) + LogReg"": 0.7279, ""LogReg L1 (lasso)"": 0.6928, ""LogReg L2 (ridge)"": 0.7774, ""Bagging (дерева)"": 0.7336}",False,875,2
2026-08-02,attacked,2026-09-07T20:56:16.500861+00:00,0.3656,backtest_median_top5,"{""kNN"": 0.7759, ""Random Forest"": 0.7449, ""LogReg L1 (lasso)"": 0.6927, ""HistGradientBoosting"": 0.8049, ""Bagging (дерева)"": 0.7487}",False,876,1
2026-08-02,attacked,2026-09-07T20:56:16.500861+00:00,0.4287,backtest_median_top5,"{""Random Forest"": 0.7308, ""PCA(10) + LogReg"": 0.7279, ""LogReg L1 (lasso)"": 0.6928, ""LogReg L2 (ridge)"": 0.7774, ""Bagging (дерева)"": 0.7336}",False,875,2
2026-08-03,attacked,2026-09-07T20:56:16.500861+00:00,0.3291,backtest_median_top5,"{""kNN"": 0.7759, ""Random Forest"": 0.7449, ""LogReg L1 (lasso)"": 0.6927, ""HistGradientBoosting"": 0.8049, ""Bagging (дерева)"": 0.7487}",False,876,1
2026-08-03,attacked,2026-09-07T20:56:16.500861+00:00,0.3729,backtest_median_top5,"{""Random Forest"": 0.7308, ""PCA(10) + LogReg"": 0.7279, ""LogReg L1 (lasso)"": 0.6928, ""LogReg L2 (ridge)"": 0.7774, ""Bagging (дерева)"": 0.7336}",False,875,2
2026-08-04,attacked,2026-09-07T20:56:16.500861+00:00,0.3829,backtest_median_top5,"{""kNN"": 0.7759, ""Random Forest"": 0.7449, ""LogReg L1 (lasso)"": 0.6927, ""HistGradientBoosting"": 0.8049, ""Bagging (дерева)"": 0.7487}",False,876,1
2026-08-04,attacked,2026-09-07T20:56:16.500861+00:00,0.4168,backtest_median_top5,"{""Random Forest"": 0.7308, ""PCA(10) + LogReg"": 0.7279, ""LogReg L1 (lasso)"": 0.6928, ""LogReg L2 (ridge)"": 0.7774, ""Bagging (дерева)"": 0.7336}",False,875,2
2026-08-05,attacked,2026-09-07T20:56:16.500861+00:00,0.3719,backtest_median_top5,"{""kNN"": 0.7759, ""Random Forest"": 0.7449, ""LogReg L1 (lasso)"": 0.6927, ""HistGradientBoosting"": 0.8049, ""Bagging (дерева)"": 0.7487}",False,876,1
2026-08-05,attacked,2026-09-07T20:56:16.500861+00:00,0.4502,backtest_median_top5,"{""Random Forest"": 0.7308, ""PCA(10) + LogReg"": 0.7279, ""LogReg L1 (lasso)"": 0.6928, ""LogReg L2 (ridge)"": 0.7774, ""Bagging (дерева)"": 0.7336}",False,875,2
2026-08-06,attacked,2026-09-07T20:56:16.500861+00:00,0.4176,backtest_median_top5,"{""kNN"": 0.7759, ""Random Forest"": 0.7449, ""LogReg L1 (lasso)"": 0.6927, ""HistGradientBoosting"": 0.8049, ""Bagging (дерева)"": 0.7487}",False,876,1
2026-08-06,attacked,2026-09-07T20:56:16.500861+00:00,0.4212,backtest_median_top5,"{""Random Forest"": 0.7308, ""PCA(10) + LogReg"": 0.7279, ""LogReg L1 (lasso)"": 0.6928, ""LogReg L2 (ridge)"": 0.7774, ""Bagging (дерева)"": 0.7336}",False,875,2
2026-08-07,attacked,2026-09-07T20:56:16.500861+00:00,0.3977,backtest_median_top5,"{""kNN"": 0.7759, ""Random Forest"": 0.7449, ""LogReg L1 (lasso)"": 0.6927, ""HistGradientBoosting"": 0.8049, ""Bagging (дерева)"": 0.7487}",False,876,1
2026-08-07,attacked,2026-09-07T20:56:16.500861+00:00,0.4569,backtest_median_top5,"{""Random Forest"": 0.7308, ""PCA(10) + LogReg"": 0.7279, ""LogReg L1 (lasso)"": 0.6928, ""LogReg L2 (ridge)"": 0.7774, ""Bagging (дерева)"": 0.7336}",False,875,2
2026-08-08,attacked,2026-09-07T20:56:16.500861+00:00,0.4043,backtest_median_top5,"{""kNN"": 0.7759, ""Random Forest"": 0.7449, ""LogReg L1 (lasso)"": 0.6927, ""HistGradientBoosting"": 0.8049, ""Bagging (дерева)"": 0.7487}",False,876,1
2026-08-08,attacked,2026-09-07T20:56:16.500861+00:00,0.475,backtest_median_top5,"{""Random Forest"": 0.7308, ""PCA(10) + LogReg"": 0.7279, ""LogReg L1 (lasso)"": 0.6928, ""LogReg L2 (ridge)"": 0.7774, ""Bagging (дерева)"": 0.7336}",False,875,2
2026-08-09,attacked,2026-09-07T20:56:16.500861+00:00,0.396,backtest_median_top5,"{""kNN"": 0.7759, ""Random Forest"": 0.7449, ""LogReg L1 (lasso)"": 0.6927, ""HistGradientBoosting"": 0.8049, ""Bagging (дерева)"": 0.7487}",False,876,1
2026-08-09,attacked,2026-09-07T20:56:16.500861+00:00,0.4149,backtest_median_top5,"{""Random Forest"": 0.7308, ""PCA(10) + LogReg"": 0.7279, ""LogReg L1 (lasso)"": 0.6928, ""LogReg L2 (ridge)"": 0.7774, ""Bagging (дерева)"": 0.7336}",False,875,2
2026-08-10,attacked,2026-09-07T20:56:16.500861+00:00,0.4142,backtest_median_top5,"{""kNN"": 0.7759, ""Random Forest"": 0.7449, ""LogReg L1 (lasso)"": 0.6927, ""HistGradientBoosting"": 0.8049, ""Bagging (дерева)"": 0.7487}",False,876,1
2026-08-10,attacked,2026-09-07T20:56:16.500861+00:00,0.4307,backtest_median_top5,"{""Random Forest"": 0.7308, ""PCA(10) + LogReg"": 0.7279, ""LogReg L1 (lasso)"": 0.6928, ""LogReg L2 (ridge)"": 0.7774, ""Bagging (дерева)"": 0.7336}",False,875,2
2026-08-11,attacked,2026-09-07T20:56:16.500861+00:00,0.4063,backtest_median_top5,"{""kNN"": 0.7759, ""Random Forest"": 0.7449, ""LogReg L1 (lasso)"": 0.6927, ""HistGradientBoosting"": 0.8049, ""Bagging (дерева)"": 0.7487}",False,876,1
2026-08-11,attacked,2026-09-07T20:56:16.500861+00:00,0.4331,backtest_median_top5,"{""Random Forest"": 0.7308, ""PCA(10) + LogReg"": 0.7279, ""LogReg L1 (lasso)"": 0.6928, ""LogReg L2 (ridge)"": 0.7774, ""Bagging (дерева)"": 0.7336}",False,875,2
2026-08-12,attacked,2026-09-07T20:56:16.500861+00:00,0.4092,backtest_median_top5,"{""kNN"": 0.7759, ""Random Forest"": 0.7449, ""LogReg L1 (lasso)"": 0.6927, ""HistGradientBoosting"": 0.8049, ""Bagging (дерева)"": 0.7487}",False,876,1
2026-08-12,attacked,2026-09-07T20:56:16.500861+00:00,0.4328,backtest_median_top5,"{""Random Forest"": 0.7308, ""PCA(10) + LogReg"": 0.7279, ""LogReg L1 (lasso)"": 0.6928, ""LogReg L2 (ridge)"": 0.7774, ""Bagging (дерева)"": 0.7336}",False,875,2
2026-08-13,attacked,2026-09-07T20:56:16.500861+00:00,0.4662,backtest_median_top5,"{""kNN"": 0.7759, ""Random Forest"": 0.7449, ""LogReg L1 (lasso)"": 0.6927, ""HistGradientBoosting"": 0.8049, ""Bagging (дерева)"": 0.7487}",False,876,1
2026-08-13,attacked,2026-09-07T20:56:16.500861+00:00,0.4708,backtest_median_top5,"{""Random Forest"": 0.7308, ""PCA(10) + LogReg"": 0.7279, ""LogReg L1 (lasso)"": 0.6928, ""LogReg L2 (ridge)"": 0.7774, ""Bagging (дерева)"": 0.7336}",False,875,2
2026-08-14,attacked,2026-09-07T20:56:16.500861+00:00,0.441,backtest_median_top5,"{""kNN"": 0.7759, ""Random Forest"": 0.7449, ""LogReg L1 (lasso)"": 0.6927, ""HistGradientBoosting"": 0.8049, ""Bagging (дерева)"": 0.7487}",False,876,1
2026-08-14,attacked,2026-09-07T20:56:16.500861+00:00,0.4624,backtest_median_top5,"{""Random Forest"": 0.7308, ""PCA(10) + LogReg"": 0.7279, ""LogReg L1 (lasso)"": 0.6928, ""LogReg L2 (ridge)"": 0.7774, ""Bagging (дерева)"": 0.7336}",False,875,2
2026-08-15,attacked,2026-09-07T20:56:16.500861+00:00,0.4214,backtest_median_top5,"{""kNN"": 0.7759, ""Random Forest"": 0.7449, ""LogReg L1 (lasso)"": 0.6927, ""HistGradientBoosting"": 0.8049, ""Bagging (дерева)"": 0.7487}",False,876,1
2026-08-15,attacked,2026-09-07T20:56:16.500861+00:00,0.4742,backtest_median_top5,"{""Random Forest"": 0.7308, ""PCA(10) + LogReg"": 0.7279, ""LogReg L1 (lasso)"": 0.6928, ""LogReg L2 (ridge)"": 0.7774, ""Bagging (дерева)"": 0.7336}",False,875,2
2026-08-16,attacked,2026-09-07T20:56:16.500861+00:00,0.4214,backtest_median_top5,"{""kNN"": 0.7759, ""Random Forest"": 0.7449, ""LogReg L1 (lasso)"": 0.6927, ""HistGradientBoosting"": 0.8049, ""Bagging (дерева)"": 0.7487}",False,876,1
2026-08-16,attacked,2026-09-07T20:56:16.500861+00:00,0.4327,backtest_median_top5,"{""Random Forest"": 0.7308, ""PCA(10) + LogReg"": 0.7279, ""LogReg L1 (lasso)"": 0.6928, ""LogReg L2 (ridge)"": 0.7774, ""Bagging (дерева)"": 0.7336}",False,875,2
2026-08-17,attacked,2026-09-07T20:56:16.500861+00:00,0.4384,backtest_median_top5,"{""kNN"": 0.7759, ""Random Forest"": 0.7449, ""LogReg L1 (lasso)"": 0.6927, ""HistGradientBoosting"": 0.8049, ""Bagging (дерева)"": 0.7487}",False,876,1
2026-08-17,attacked,2026-09-07T20:56:16.500861+00:00,0.4456,backtest_median_top5,"{""Random Forest"": 0.7308, ""PCA(10) + LogReg"": 0.7279, ""LogReg L1 (lasso)"": 0.6928, ""LogReg L2 (ridge)"": 0.7774, ""Bagging (дерева)"": 0.7336}",False,875,2
2026-08-19,attacked,2026-09-07T20:56:16.500861+00:00,0.4116,backtest_median_top5,"{""kNN"": 0.7759, ""Random Forest"": 0.7449, ""LogReg L1 (lasso)"": 0.6927, ""HistGradientBoosting"": 0.8049, ""Bagging (дерева)"": 0.7487}",False,876,1
2026-08-19,attacked,2026-09-07T20:56:16.500861+00:00,0.4792,backtest_median_top5,"{""Random Forest"": 0.7308, ""PCA(10) + LogReg"": 0.7279, ""LogReg L1 (lasso)"": 0.6928, ""LogReg L2 (ridge)"": 0.7774, ""Bagging (дерева)"": 0.7336}",False,875,2
2026-08-20,attacked,2026-09-07T20:56:16.500861+00:00,0.5343,backtest_median_top5,"{""kNN"": 0.7759, ""Random Forest"": 0.7449, ""LogReg L1 (lasso)"": 0.6927, ""HistGradientBoosting"": 0.8049, ""Bagging (дерева)"": 0.7487}",False,876,1
2026-08-20,attacked,2026-09-07T20:56:16.500861+00:00,0.4468,backtest_median_top5,"{""Random Forest"": 0.7308, ""PCA(10) + LogReg"": 0.7279, ""LogReg L1 (lasso)"": 0.6928, ""LogReg L2 (ridge)"": 0.7774, ""Bagging (дерева)"": 0.7336}",False,875,2
2026-08-21,attacked,2026-09-07T20:56:16.500861+00:00,0.4578,backtest_median_top5,"{""kNN"": 0.7759, ""Random Forest"": 0.7449, ""LogReg L1 (lasso)"": 0.6927, ""HistGradientBoosting"": 0.8049, ""Bagging (дерева)"": 0.7487}",False,876,1
2026-08-21,attacked,2026-09-07T20:56:16.500861+00:00,0.4503,backtest_median_top5,"{""Random Forest"": 0.7308, ""PCA(10) + LogReg"": 0.7279, ""LogReg L1 (lasso)"": 0.6928, ""LogReg L2 (ridge)"": 0.7774, ""Bagging (дерева)"": 0.7336}",False,875,2
2026-08-22,attacked,2026-09-07T20:56:16.500861+00:00,0.4146,backtest_median_top5,"{""kNN"": 0.7759, ""Random Forest"": 0.7449, ""LogReg L1 (lasso)"": 0.6927, ""HistGradientBoosting"": 0.8049, ""Bagging (дерева)"": 0.7487}",False,876,1
2026-08-22,attacked,2026-09-07T20:56:16.500861+00:00,0.4565,backtest_median_top5,"{""Random Forest"": 0.7308, ""PCA(10) + LogReg"": 0.7279, ""LogReg L1 (lasso)"": 0.6928, ""LogReg L2 (ridge)"": 0.7774, ""Bagging (дерева)"": 0.7336}",False,875,2
2026-08-23,attacked,2026-09-07T20:56:16.500861+00:00,0.3975,backtest_median_top5,"{""kNN"": 0.7759, ""Random Forest"": 0.7449, ""LogReg L1 (lasso)"": 0.6927, ""HistGradientBoosting"": 0.8049, ""Bagging (дерева)"": 0.7487}",False,876,1
2026-08-23,attacked,2026-09-07T20:56:16.500861+00:00,0.5413,backtest_median_top5,"{""Random Forest"": 0.7308, ""PCA(10) + LogReg"": 0.7279, ""LogReg L1 (lasso)"": 0.6928, ""LogReg L2 (ridge)"": 0.7774, ""Bagging (дерева)"": 0.7336}",False,875,2
2026-08-24,attacked,2026-09-07T20:56:16.500861+00:00,0.4491,backtest_median_top5,"{""kNN"": 0.7759, ""Random Forest"": 0.7449, ""LogReg L1 (lasso)"": 0.6927, ""HistGradientBoosting"": 0.8049, ""Bagging (дерева)"": 0.7487}",False,876,1
2026-08-24,attacked,2026-09-07T20:56:16.500861+00:00,0.5412,backtest_median_top5,"{""Random Forest"": 0.7308, ""PCA(10) + LogReg"": 0.7279, ""LogReg L1 (lasso)"": 0.6928, ""LogReg L2 (ridge)"": 0.7774, ""Bagging (дерева)"": 0.7336}",False,875,2
2026-08-25,attacked,2026-09-07T20:56:16.500861+00:00,0.4107,backtest_median_top5,"{""kNN"": 0.7759, ""Random Forest"": 0.7449, ""LogReg L1 (lasso)"": 0.6927, ""HistGradientBoosting"": 0.8049, ""Bagging (дерева)"": 0.7487}",False,876,1
2026-08-25,attacked,2026-09-07T20:56:16.500861+00:00,0.5466,backtest_median_top5,"{""Random Forest"": 0.7308, ""PCA(10) + LogReg"": 0.7279, ""LogReg L1 (lasso)"": 0.6928, ""LogReg L2 (ridge)"": 0.7774, ""Bagging (дерева)"": 0.7336}",False,875,2
2026-08-26,attacked,2026-09-07T20:56:16.500861+00:00,0.4359,backtest_median_top5,"{""kNN"": 0.7759, ""Random Forest"": 0.7449, ""LogReg L1 (lasso)"": 0.6927, ""HistGradientBoosting"": 0.8049, ""Bagging (дерева)"": 0.7487}",False,876,1
2026-08-26,attacked,2026-09-07T20:56:16.500861+00:00,0.5411,backtest_median_top5,"{""Random Forest"": 0.7308, ""PCA(10) + LogReg"": 0.7279, ""LogReg L1 (lasso)"": 0.6928, ""LogReg L2 (ridge)"": 0.7774, ""Bagging (дерева)"": 0.7336}",False,875,2
2026-08-27,attacked,2026-09-07T20:56:16.500861+00:00,0.4914,backtest_median_top5,"{""kNN"": 0.7759, ""Random Forest"": 0.7449, ""LogReg L1 (lasso)"": 0.6927, ""HistGradientBoosting"": 0.8049, ""Bagging (дерева)"": 0.7487}",False,876,1
2026-08-27,attacked,2026-09-07T20:56:16.500861+00:00,0.5337,backtest_median_top5,"{""Random Forest"": 0.7308, ""PCA(10) + LogReg"": 0.7279, ""LogReg L1 (lasso)"": 0.6928, ""LogReg L2 (ridge)"": 0.7774, ""Bagging (дерева)"": 0.7336}",False,875,2
2026-08-28,attacked,2026-09-07T20:56:16.500861+00:00,0.5934,backtest_median_top5,"{""kNN"": 0.7964, ""Random Forest"": 0.7694, ""LogReg L1 (lasso)"": 0.6924, ""HistGradientBoosting"": 0.8243, ""Bagging (дерева)"": 0.7684}",False,905,1
2026-08-28,attacked,2026-09-07T20:56:16.500861+00:00,0.5199,backtest_median_top5,"{""kNN"": 0.7944, ""Random Forest"": 0.7434, ""PCA(10) + LogReg"": 0.7914, ""LogReg L1 (lasso)"": 0.6927, ""Bagging (дерева)"": 0.7467}",False,904,2
2026-08-29,attacked,2026-09-07T20:56:16.500861+00:00,0.6441,backtest_median_top5,"{""kNN"": 0.7964, ""Random Forest"": 0.7694, ""LogReg L1 (lasso)"": 0.6924, ""HistGradientBoosting"": 0.8243, ""Bagging (дерева)"": 0.7684}",False,905,1
2026-08-29,attacked,2026-09-07T20:56:16.500861+00:00,0.5112,backtest_median_top5,"{""kNN"": 0.7944, ""Random Forest"": 0.7434, ""PCA(10) + LogReg"": 0.7914, ""LogReg L1 (lasso)"": 0.6927, ""Bagging (дерева)"": 0.7467}",False,904,2
2026-08-30,attacked,2026-09-07T20:56:16.500861+00:00,0.5925,backtest_median_top5,"{""kNN"": 0.7964, ""Random Forest"": 0.7694, ""LogReg L1 (lasso)"": 0.6924, ""HistGradientBoosting"": 0.8243, ""Bagging (дерева)"": 0.7684}",False,905,1
2026-08-30,attacked,2026-09-07T20:56:16.500861+00:00,0.5241,backtest_median_top5,"{""kNN"": 0.7944, ""Random Forest"": 0.7434, ""PCA(10) + LogReg"": 0.7914, ""LogReg L1 (lasso)"": 0.6927, ""Bagging (дерева)"": 0.7467}",False,904,2
2026-08-31,attacked,2026-09-07T20:56:16.500861+00:00,0.637,backtest_median_top5,"{""kNN"": 0.7964, ""Random Forest"": 0.7694, ""LogReg L1 (lasso)"": 0.6924, ""HistGradientBoosting"": 0.8243, ""Bagging (дерева)"": 0.7684}",False,905,1
2026-08-31,attacked,2026-09-07T20:56:16.500861+00:00,0.5414,backtest_median_top5,"{""kNN"": 0.7944, ""Random Forest"": 0.7434, ""PCA(10) + LogReg"": 0.7914, ""LogReg L1 (lasso)"": 0.6927, ""Bagging (дерева)"": 0.7467}",False,904,2
2026-09-01,attacked,2026-09-07T20:56:16.500861+00:00,0.6052,backtest_median_top5,"{""kNN"": 0.7964, ""Random Forest"": 0.7694, ""LogReg L1 (lasso)"": 0.6924, ""HistGradientBoosting"": 0.8243, ""Bagging (дерева)"": 0.7684}",False,905,1
2026-09-01,attacked,2026-09-07T20:56:16.500861+00:00,0.607,backtest_median_top5,"{""kNN"": 0.7944, ""Random Forest"": 0.7434, ""PCA(10) + LogReg"": 0.7914, ""LogReg L1 (lasso)"": 0.6927, ""Bagging (дерева)"": 0.7467}",False,904,2
2026-09-02,attacked,2026-09-07T20:56:16.500861+00:00,0.578,backtest_median_top5,"{""kNN"": 0.7964, ""Random Forest"": 0.7694, ""LogReg L1 (lasso)"": 0.6924, ""HistGradientBoosting"": 0.8243, ""Bagging (дерева)"": 0.7684}",False,905,1
2026-09-02,attacked,2026-09-07T20:56:16.500861+00:00,0.5694,backtest_median_top5,"{""kNN"": 0.7944, ""Random Forest"": 0.7434, ""PCA(10) + LogReg"": 0.7914, ""LogReg L1 (lasso)"": 0.6927, ""Bagging (дерева)"": 0.7467}",False,904,2
2026-09-03,attacked,2026-09-07T20:56:16.500861+00:00,0.6109,backtest_median_top5,"{""kNN"": 0.7964, ""Random Forest"": 0.7694, ""LogReg L1 (lasso)"": 0.6924, ""HistGradientBoosting"": 0.8243, ""Bagging (дерева)"": 0.7684}",False,905,1
2026-09-03,attacked,2026-09-07T20:56:16.500861+00:00,0.5788,backtest_median_top5,"{""kNN"": 0.7944, ""Random Forest"": 0.7434, ""PCA(10) + LogReg"": 0.7914, ""LogReg L1 (lasso)"": 0.6927, ""Bagging (дерева)"": 0.7467}",False,904,2
2026-09-04,attacked,2026-09-07T20:56:16.500861+00:00,0.6109,backtest_median_top5,"{""kNN"": 0.7964, ""Random Forest"": 0.7694, ""LogReg L1 (lasso)"": 0.6924, ""HistGradientBoosting"": 0.8243, ""Bagging (дерева)"": 0.7684}",False,905,1
2026-09-04,attacked,2026-09-07T20:56:16.500861+00:00,0.5587,backtest_median_top5,"{""kNN"": 0.7944, ""Random Forest"": 0.7434, ""PCA(10) + LogReg"": 0.7914, ""LogReg L1 (lasso)"": 0.6927, ""Bagging (дерева)"": 0.7467}",False,904,2
2026-09-05,attacked,2026-09-07T20:56:16.500861+00:00,0.5952,backtest_median_top5,"{""kNN"": 0.7964, ""Random Forest"": 0.7694, ""LogReg L1 (lasso)"": 0.6924, ""HistGradientBoosting"": 0.8243, ""Bagging (дерева)"": 0.7684}",False,905,1
2026-09-05,attacked,2026-09-07T20:56:16.500861+00:00,0.5233,backtest_median_top5,"{""kNN"": 0.7944, ""Random Forest"": 0.7434, ""PCA(10) + LogReg"": 0.7914, ""LogReg L1 (lasso)"": 0.6927, ""Bagging (дерева)"": 0.7467}",False,904,2
2026-09-06,attacked,2026-09-07T20:56:16.500861+00:00,0.5638,backtest_median_top5,"{""kNN"": 0.7964, ""Random Forest"": 0.7694, ""LogReg L1 (lasso)"": 0.6924, ""HistGradientBoosting"": 0.8243, ""Bagging (дерева)"": 0.7684}",False,905,1
2026-09-06,attacked,2026-09-07T20:56:16.500861+00:00,0.5362,backtest_median_top5,"{""kNN"": 0.7944, ""Random Forest"": 0.7434, ""PCA(10) + LogReg"": 0.7914, ""LogReg L1 (lasso)"": 0.6927, ""Bagging (дерева)"": 0.7467}",False,904,2
2026-09-07,alert30,2026-09-07T20:18:17.342540+00:00,0.833333333333333,climatology30,"{""members"": {""kNN"": 0.6488, ""Decision Tree"": 0.676, ""Random Forest"": 0.6525, ""HistGradientBoosting"": 0.6533, ""Bagging (дерева)"": 0.6659}, ""ensemble_p"": 0.6595, ""climatology_p"": 0.8333}",False,950,1
2026-09-07,alert30,2026-09-07T20:48:37.031436+00:00,0.866666666666667,climatology30,"{""members"": {""kNN"": 0.6343, ""Decision Tree"": 0.6211, ""Random Forest"": 0.629, ""HistGradientBoosting"": 0.6173, ""Bagging (дерева)"": 0.6338}, ""ensemble_p"": 0.7443, ""climatology_p"": 0.8667}",False,915,1
2026-09-07,alert30,2026-09-08T07:55:39.592965+00:00,0.866666666666667,climatology30,"{""members"": {""kNN"": 0.6122, ""XGBoost"": 0.6164, ""Random Forest"": 0.6138, ""HistGradientBoosting"": 0.5958, ""Bagging (дерева)"": 0.6133}, ""ensemble_p"": 0.7574, ""climatology_p"": 0.8667}",False,925,1
2026-09-07,attacked,2026-09-07T20:18:17.342540+00:00,0.766666666666667,climatology30,"{""members"": {""kNN"": 0.7761, ""Decision Tree"": 0.7813, ""Random Forest"": 0.7315, ""LogReg L1 (lasso)"": 0.69, ""Bagging (дерева)"": 0.7278}, ""ensemble_p"": 0.7302, ""climatology_p"": 0.7667}",False,950,1
2026-09-07,attacked,2026-09-07T20:48:37.031436+00:00,0.733333333333333,climatology30,"{""members"": {""kNN"": 0.7934, ""Random Forest"": 0.76, ""LogReg L1 (lasso)"": 0.6913, ""HistGradientBoosting"": 0.8173, ""Bagging (дерева)"": 0.7587}, ""ensemble_p"": 0.6762, ""climatology_p"": 0.7333}",False,915,1
2026-09-07,attacked,2026-09-08T07:55:39.592965+00:00,0.8,climatology30,"{""members"": {""kNN"": 0.8038, ""Decision Tree"": 0.8482, ""Random Forest"": 0.7573, ""LogReg L1 (lasso)"": 0.6902, ""Bagging (дерева)"": 0.7622}, ""ensemble_p"": 0.7252, ""climatology_p"": 0.8}",False,925,1
2026-09-07,attacked,2026-09-07T20:56:16.500861+00:00,0.565,backtest_median_top5,"{""kNN"": 0.7944, ""Random Forest"": 0.7434, ""PCA(10) + LogReg"": 0.7914, ""LogReg L1 (lasso)"": 0.6927, ""Bagging (дерева)"": 0.7467}",False,904,2
2026-09-07,massive,2026-09-07T20:18:17.342540+00:00,0.366666666666667,climatology30,"{""members"": {""XGBoost"": 2.8368, ""MLP (weight decay)"": 0.9814, ""HistGradientBoosting"": 6.7031}, ""ensemble_p"": 0.1912, ""climatology_p"": 0.3667}",False,950,1
2026-09-07,massive,2026-09-07T20:48:37.031436+00:00,0.266666666666667,climatology30,"{""members"": {""XGBoost"": 2.821, ""MLP (weight decay)"": 0.9772, ""HistGradientBoosting"": 6.6767}, ""ensemble_p"": 0.1892, ""climatology_p"": 0.2667}",False,915,1
2026-09-07,massive,2026-09-08T07:55:39.592965+00:00,0.366666666666667,climatology30,"{""members"": {""XGBoost"": 2.8356, ""MLP (weight decay)"": 0.9309, ""HistGradientBoosting"": 6.6991}, ""ensemble_p"": 0.2901, ""climatology_p"": 0.3667}",False,925,1
2026-09-08,alert30,2026-09-08T09:07:03.417849+00:00,0.866666666666667,climatology30,"{""members"": {""kNN"": 0.6085, ""Decision Tree"": 0.602, ""Random Forest"": 0.6103, ""HistGradientBoosting"": 0.5936, ""Bagging (дерева)"": 0.6109}, ""ensemble_p"": 0.8661, ""climatology_p"": 0.8667}",False,926,1
2026-09-08,alert30,2026-09-08T10:29:41.289651+00:00,0.866666666666667,climatology30,"{""members"": {""kNN"": 0.6085, ""Decision Tree"": 0.602, ""Random Forest"": 0.6103, ""HistGradientBoosting"": 0.5936, ""Bagging (дерева)"": 0.6109}, ""ensemble_p"": 0.8661, ""climatology_p"": 0.8667}",False,926,1
2026-09-08,alert30,2026-09-08T10:40:57.968235+00:00,0.866666666666667,climatology30,"{""members"": {""kNN"": 0.6085, ""Decision Tree"": 0.602, ""Random Forest"": 0.6103, ""HistGradientBoosting"": 0.5936, ""Bagging (дерева)"": 0.6109}, ""ensemble_p"": 0.8661, ""climatology_p"": 0.8667}",False,926,1
2026-09-08,alert30,2026-09-07T20:19:30.362412+00:00,0.833333333333333,climatology30,"{""members"": {""kNN"": 0.6566, ""Decision Tree"": 0.6531, ""Random Forest"": 0.6493, ""HistGradientBoosting"": 0.6525, ""Bagging (дерева)"": 0.6597}, ""ensemble_p"": 0.7593, ""climatology_p"": 0.8333}",False,950,2
2026-09-08,attacked,2026-09-08T09:07:03.417849+00:00,0.8,climatology30,"{""members"": {""kNN"": 0.7932, ""Decision Tree"": 0.8145, ""Random Forest"": 0.7341, ""LogReg L1 (lasso)"": 0.69, ""Bagging (дерева)"": 0.7391}, ""ensemble_p"": 0.8379, ""climatology_p"": 0.8}",False,926,1
2026-09-08,attacked,2026-09-08T10:29:41.289651+00:00,0.8,climatology30,"{""members"": {""kNN"": 0.7932, ""Decision Tree"": 0.8145, ""Random Forest"": 0.7341, ""LogReg L1 (lasso)"": 0.69, ""Bagging (дерева)"": 0.7391}, ""ensemble_p"": 0.8379, ""climatology_p"": 0.8}",False,926,1
2026-09-08,attacked,2026-09-08T10:40:57.968235+00:00,0.8,climatology30,"{""members"": {""kNN"": 0.7932, ""Decision Tree"": 0.8145, ""Random Forest"": 0.7341, ""LogReg L1 (lasso)"": 0.69, ""Bagging (дерева)"": 0.7391}, ""ensemble_p"": 0.8379, ""climatology_p"": 0.8}",False,926,1
2026-09-08,attacked,2026-09-07T20:19:30.362412+00:00,0.766666666666667,climatology30,"{""members"": {""kNN"": 0.777, ""Random Forest"": 0.7273, ""LogReg L1 (lasso)"": 0.6927, ""HistGradientBoosting"": 0.7903, ""Bagging (дерева)"": 0.7229}, ""ensemble_p"": 0.6805, ""climatology_p"": 0.7667}",False,950,2
2026-09-08,massive,2026-09-08T09:07:03.417849+00:00,0.4,climatology30,"{""members"": {""XGBoost"": 2.8387, ""MLP (weight decay)"": 0.9334, ""HistGradientBoosting"": 6.7035}, ""ensemble_p"": 0.4039, ""climatology_p"": 0.4}",False,926,1
2026-09-08,massive,2026-09-08T10:29:41.289651+00:00,0.4,climatology30,"{""members"": {""XGBoost"": 2.8387, ""MLP (weight decay)"": 0.9334, ""HistGradientBoosting"": 6.7035}, ""ensemble_p"": 0.4039, ""climatology_p"": 0.4}",False,926,1
2026-09-08,massive,2026-09-08T10:40:57.968235+00:00,0.4,climatology30,"{""members"": {""XGBoost"": 2.8387, ""MLP (weight decay)"": 0.9334, ""HistGradientBoosting"": 6.7035}, ""ensemble_p"": 0.4039, ""climatology_p"": 0.4}",False,926,1
2026-09-08,massive,2026-09-07T20:19:30.362412+00:00,0.366666666666667,climatology30,"{""members"": {""XGBoost"": 2.8348, ""MLP (weight decay)"": 0.9828, ""HistGradientBoosting"": 6.6951}, ""ensemble_p"": 0.2873, ""climatology_p"": 0.3667}",False,950,2
2026-09-09,alert30,2026-09-08T10:34:10.141051+00:00,0.866666666666667,climatology30,"{""members"": {""kNN"": 0.6252, ""Decision Tree"": 0.6202, ""Random Forest"": 0.6203, ""HistGradientBoosting"": 0.6244, ""Bagging (дерева)"": 0.6231}, ""ensemble_p"": 0.8434, ""climatology_p"": 0.8667}",False,926,2
2026-09-09,alert30,2026-09-08T10:43:07.272551+00:00,0.866666666666667,climatology30,"{""members"": {""kNN"": 0.6252, ""Decision Tree"": 0.6202, ""Random Forest"": 0.6203, ""HistGradientBoosting"": 0.6244, ""Bagging (дерева)"": 0.6231}, ""ensemble_p"": 0.8434, ""climatology_p"": 0.8667}",False,926,2
2026-09-09,attacked,2026-09-08T10:34:10.141051+00:00,0.8,climatology30,"{""members"": {""Random Forest"": 0.7064, ""PCA(10) + LogReg"": 0.7341, ""LogReg L1 (lasso)"": 0.6902, ""MLP (weight decay)"": 0.754, ""Bagging (дерева)"": 0.7067}, ""ensemble_p"": 0.7475, ""climatology_p"": 0.8}",False,926,2
2026-09-09,attacked,2026-09-08T10:43:07.272551+00:00,0.8,climatology30,"{""members"": {""Random Forest"": 0.7064, ""PCA(10) + LogReg"": 0.7341, ""LogReg L1 (lasso)"": 0.6902, ""MLP (weight decay)"": 0.754, ""Bagging (дерева)"": 0.7067}, ""ensemble_p"": 0.7475, ""climatology_p"": 0.8}",False,926,2
2026-09-09,massive,2026-09-08T10:34:10.141051+00:00,0.4,climatology30,"{""members"": {""XGBoost"": 2.8406, ""MLP (weight decay)"": 0.9397, ""HistGradientBoosting"": 6.6989}, ""ensemble_p"": 0.531, ""climatology_p"": 0.4}",False,926,2
2026-09-09,massive,2026-09-08T10:43:07.272551+00:00,0.4,climatology30,"{""members"": {""XGBoost"": 2.8406, ""MLP (weight decay)"": 0.9397, ""HistGradientBoosting"": 6.6989}, ""ensemble_p"": 0.531, ""climatology_p"": 0.4}",False,926,2
2026-09-10,alert30,2026-09-09T09:07:52.277765+00:00,0.866666666666667,climatology30,"{""members"": {""kNN"": 0.6232, ""Decision Tree"": 0.6203, ""Random Forest"": 0.6189, ""HistGradientBoosting"": 0.6253, ""Bagging (дерева)"": 0.6196}, ""ensemble_p"": 0.8118, ""climatology_p"": 0.8667}",False,927,2
2026-09-10,attacked,2026-09-09T09:07:52.277765+00:00,0.8,climatology30,"{""members"": {""Decision Tree"": 0.7689, ""Random Forest"": 0.7095, ""PCA(10) + LogReg"": 0.7344, ""LogReg L1 (lasso)"": 0.6901, ""Bagging (дерева)"": 0.7108}, ""ensemble_p"": 0.7754, ""climatology_p"": 0.8}",False,927,2
2026-09-10,massive,2026-09-09T09:07:52.277765+00:00,0.433333333333333,climatology30,"{""members"": {""XGBoost"": 2.8447, ""MLP (weight decay)"": 0.9435, ""HistGradientBoosting"": 6.7018}, ""ensemble_p"": 0.4461, ""climatology_p"": 0.4333}",False,927,2
2026-09-11,alert30,2026-09-10T09:07:53.451782+00:00,0.866666666666667,climatology30,"{""members"": {""kNN"": 0.6249, ""Decision Tree"": 0.6219, ""Random Forest"": 0.6232, ""HistGradientBoosting"": 0.626, ""Bagging (дерева)"": 0.6306}, ""ensemble_p"": 0.8509, ""climatology_p"": 0.8667}",False,928,2
2026-09-11,attacked,2026-09-10T09:07:53.451782+00:00,0.8,climatology30,"{""members"": {""Decision Tree"": 0.7729, ""Random Forest"": 0.7118, ""PCA(10) + LogReg"": 0.752, ""LogReg L1 (lasso)"": 0.6899, ""Bagging (дерева)"": 0.7173}, ""ensemble_p"": 0.8482, ""climatology_p"": 0.8}",False,928,2
2026-09-11,massive,2026-09-10T09:07:53.451782+00:00,0.466666666666667,climatology30,"{""members"": {""XGBoost"": 2.8491, ""MLP (weight decay)"": 0.9445, ""HistGradientBoosting"": 6.706}, ""ensemble_p"": 0.4565, ""climatology_p"": 0.4667}",False,928,2
